1,dhszlrmo,bwiyp73e,x1gces56,jkjyh4cs,2una9767,3xb4lumz,6u623i0w,5t38x587,gs7j6fxo,o4njvi62,d6by9p41,zdv0ilti,u65mey2z,f1e6hs11,0rbgbsj8,1mpzjgk1,zy8qjaai,dtv7to3l,ifoe8x28,ajbypz7g,m6y8p3zd,hrbeh0me,8t35z4gl,solp6ho1,5xki1ulf,eu3rry7p,zhxrlopp,bo8wiiqy,d75cy6dh,7wirya95,a8vwwpas,ix4zo0ha,3zy5dgxz,1o2ynvy3,ssnvr6nj,ssxq1ns2,sqrn6kjy,08ds967z,b1y9yvsv,fuqtwn5a,2qto9vsb,4dtk1kyh,k9yus2sv,d2knbzhl,3g06zxmx,rcwck1y3,6a7krfpb,uo7fb10k,zkz8e1vd,yzp9wjuk
2,kftchnhz,526elsrf,lv8dvdp7,5g0almil,h5ufxzv9,1llox90t,rnn8wr50,og0zw56h,exqza1kg,3svnvozz,0x4zrfw3,r141na6j,eoykmhv3,jc1k3fki,39yvniki,nzz852lx,dhszlrmo,u19e9j2w,3xb4lumz,azcr8jf3,lu11wvcm,xcacty89,r9scxa76,o72ls2my,zytu7wue,94xsyvux,q9ab1pji,wjdmzmdg,01goni72,5t38x587,gs7j6fxo,o4njvi62,nhzamju7,z1h788sc,8ozauxlk,kcvtvki1,d2tx02m4,9tqivs5f,bwiyp73e,x1gces56,0rbgbsj8,br661awf,b32zmfru,3sencqst,1x3dp1vv,buhu5c41,mxprt6x6,wic7n6ia,s5iavz3u,4sweo53l
3,dhszlrmo,bwiyp73e,x1gces56,jkjyh4cs,3xb4lumz,2una9767,6kr2uwlq,oclvbviv,6u623i0w,3pvstiz6,5t38x587,gs7j6fxo,o4njvi62,0rbgbsj8,zdv0ilti,f1e6hs11,86ia5esh,ajbypz7g,hrbeh0me,8t35z4gl,5xki1ulf,1mpzjgk1,m6y8p3zd,fuqtwn5a,jdu4h00e,zkz8e1vd,a8vwwpas,4j3fdjlg,puxz2f9g,5gnbrnt4,uhlcgopm,cqesmvk9,7wirya95,uo7fb10k,oc0edgd2,npojkbk5,8nl1gywe,b1y9yvsv,04e6wvov,r6qz3baz,2qpcot6p,eu3rry7p,wh9vvgv2,kh9whqzd,btp9dldg,3g06zxmx,901z3uc0,pe3zfrpf,mhytn634,s5fz81vp
4,shv4w74z,aieqh4oj,w1la7snn,7xlt9lsa,1lj4enzb,ux9a6wrh,fjcj6htg,jzrp97y4,znkj2zzm,sqxmt699,egby8kv5,j1wj47ah,lo8k2prl,bgb6za79,pmtzxo6n,58l59lbu,g1ve8zld,4z26igx1,00ijeoy9,uyx0tt6x,ustxh9o1,4tufh3qa,291stg7b,2okrdfv5,j24hphoi,n8vwqjf2,5okgevo2,qce7g5nc,kr3xbnaa,cgj3vgy3,cjril512,mksutjae,y7nqz6vk,7y9lq46c,zmmef8gj,q2vmttbr,1od4i3gc,v1yb6jyn,8po9xe5g,19p33j65,ckvx2k56,18wbw3z7,x5minc9s,8y5i194s,uv9567xw,zh63lbb1,uiyig136,wqrdz3cs,na23tv0y,f2bc7rns
5,3xb4lumz,5t38x587,gs7j6fxo,o4njvi62,0rbgbsj8,8t35z4gl,6tsvv3tv,7hqn997j,bzvdkxu9,y3joi01a,m6y8p3zd,tj4deqfw,k05cdqlw,9zy7xqig,7x77e4m5,lmoekp1m,4j3fdjlg,d950qa2w,iuf95x84,3wdquuzy,xt6cq31n,28lmzw9u,114kasso,ovsdnjtd,ieobv7q8,9ynljm2r,t6fdr2pa,gzao2fo6,laigxsc9,qhrsli0b,8nl1gywe,umqowine,y7o8ovf9,g4377fpj,u3n60qjw,dj33qyym,yk9u4fvp,njkh20sv,ip16lh2a,fmftr5jn,3aozpdr3,uhlcgopm,31jszjzo,c6ti4d9s,ttwhmtre,e2wevpi6,e9vvjv8w,b1y9yvsv,7y2jd6jj,agnmfkoq
6,6u623i0w,m92zffz9,hzahejqk,p0rqg7uk,2jbw4spu,n5du3bqt,ibac3d0q,rhmywn8n,1b3pigtl,6f8vyziv,qdgqif5j,mqs502xm,63ddlh20,bgm3bt78,yj9tfemw,99231m4n,vf3vexi1,zij2wbzs,m8n2p55z,2jwuzfan,5jeku9j1,4knbd4xy,1kxxg0s9,5enmq7do,hs9cbsq1,aimraxlf,dfjh7qyh,bkq5gpg8,fl9lur4h,y7pvj2l1,emogyuht,zcktrmyg,6sf41rsj,dizbyy4q,gloxcpzq,1f3r80r5,bqbj660w,wsinsafy,7rip6wtu,6kpgt70s,qiay8n43,z5dy8kxf,i0586vfw,1ebdxkq6,vjiecd4k,ikt8r2o1,5gnbrnt4,0l4pec0z,kvugftgu,bhwravwg
7,ze9fl3se,qjma4rsp,rko7qdqk,vijh6x1l,ilxd0ih9,3g75spkc,5jtzt8um,cxt9oq0j,u4iri70d,um70ket2,knc0ruou,m9yv4qkm,nna0s5mf,wow470k7,dhszlrmo,j36vajdi,c87bbwmm,bsu74y23,xnqkqgvy,oihyz5v7,7d5q0g0s,j59tm40d,3rhdxzj3,hxial3gi,i26lgvbz,8cg5yj20,gbyyehbu,lsb1s8y7,ir3k848j,o1alklje,3czpucs4,gnoqoh3w,45aru1q5,ota8sgt2,2t8guaka,9595vm0k,8ixb8y3j,ud411cox,c4cs14ja,ej8hcr92,i0i5p4k7,j061ywrl,svd6ls12,do4unt7v,2siuovme,ptqmuulz,qoukiqr7,gzou8b9k,pncedv8d,bah2ege0
8,dhszlrmo,5gnbrnt4,bwiyp73e,x1gces56,jkjyh4cs,xinfo9xw,6fkvmk6f,9in8l1f7,3xb4lumz,2una9767,2ad1tu4s,7yymjeoz,5t38x587,gs7j6fxo,o4njvi62,6u623i0w,0rbgbsj8,83f0ruku,zdv0ilti,drqnrwdl,fy3574ke,c2zikoak,f1e6hs11,hrbeh0me,bcbqgb2l,4j3fdjlg,92rz2byz,8bzu3jiu,m6y8p3zd,1mpzjgk1,fuqtwn5a,x2ky94b0,ajbypz7g,keaxietu,dnn54jah,12gyrmh2,buzj06i6,sphe2ely,hptjqmrl,vc29aif3,7px75s3c,odm1asa9,5xki1ulf,ynauz0ll,gyilma0h,q14x0i2c,igdkz3ht,8t35z4gl,4fyihdkv,cqesmvk9
9,jmzjfwxi,dhszlrmo,bwiyp73e,x1gces56,jkjyh4cs,p63qlcnx,adf5ttfd,3xb4lumz,2una9767,6mxxh6ha,jkzxjk54,5t38x587,gs7j6fxo,o4njvi62,7bewt5q1,w6scpc65,0rbgbsj8,6u623i0w,zdv0ilti,ca4c6b8a,f1e6hs11,qy66ih4m,1mpzjgk1,ajbypz7g,hrbeh0me,m6y8p3zd,fuqtwn5a,8obqdbh9,8t35z4gl,4j3fdjlg,zkz8e1vd,jtj12571,5xki1ulf,l0c69uul,45wffqpc,36d87soa,wu1ygt6w,eu3rry7p,bnzfljry,phepjf55,a8vwwpas,7wirya95,dtv7to3l,znm5ibc1,ifoe8x28,b1y9yvsv,uhlcgopm,cqesmvk9,8nl1gywe,xt6cq31n
10,ls408b2b,xthtmpar,kweh1doo,all7ocnd,q5xc4m3j,rzh7ja6a,f6rx4h3r,xbuypaf6,jtamxl3c,k208rpth,g8lsrojl,o8uk6if2,jdfsacds,le2eifv8,noyx53ej,tnecig63,d4dnz2lk,9a131e0i,gilpb3oy,vdrd74nz,43w659t1,qm2qvcwk,n0nch8he,4u7qtoz7,hb1r2aw7,ts3ra09u,51g3vhcx,y2zcwcic,o5cmhvy3,2jd7aa2d,lb0fd7ig,o8k66pes,apjwnwky,6gsg0u53,esa5700v,u4iri70d,slnyun4l,xcfk4efo,9bi6pobg,lnv8yi9l,jcjb89wa,cm91jxde,ocwetgv6,wphhrg6g,yp8x5zwi,svjajpp4,m3f2n5uw,p1jeiljo,jb57e0w6,xfjexm5b
11,dhszlrmo,bwiyp73e,x1gces56,jkjyh4cs,3xb4lumz,vsinwqnr,sy4kiirg,5t38x587,gs7j6fxo,o4njvi62,2una9767,4bltio08,8789ibcp,0rbgbsj8,6u623i0w,4pijm4fy,b1y9yvsv,1c7q9m06,f1e6hs11,e52wuc0h,zdv0ilti,lz775vn5,h83aed9u,b04lq3b2,m6y8p3zd,1mpzjgk1,v4t6ca0c,1ixylnny,8t35z4gl,ajbypz7g,ngvfz9dn,d9f3tsk6,61d7d530,05vx82oo,n6jv72l7,xjdn1o8i,8nl1gywe,4j3fdjlg,hrbeh0me,ipo5zgus,k9fuegol,547q3vf6,emwu5g5f,vi51uons,y27aa1b6,cqesmvk9,nz02frdm,qmg3hmro,7acoduj3,e07vt846
12,bpu3hpbn,u1c20tb3,9hrrkqgi,2g6jxi5k,64igat2s,dcx6cv2q,scyndvq8,zrx8l9d7,dr1ym2mb,dhszlrmo,4qrssc82,e350kj7m,ezz0fcbb,5c579tli,mia3dytz,e2p46wa8,73yg1bi1,8b9hbpzs,vf88r8la,rr7r7ef0,rr36a3my,6f6t558e,gqw815xx,kp7qk49p,r044iimd,t62m8uwv,bwiyp73e,x1gces56,i2acghft,hqi3w2a1,hv7z11al,qznrjflx,btng72h7,obehsz2z,jkjyh4cs,7htcicqg,rv06wb3x,y0gq9kgk,m3nqa321,8znpqcth,px0twvhs,4outpiwu,65n6p550,x2bi3v3u,u8p6knn6,lp4vhwsz,3xb4lumz,b8a78ym6,grmef7ab,p6cesrdb
13,6u623i0w,zdv0ilti,dhszlrmo,bwiyp73e,x1gces56,5gnbrnt4,jkjyh4cs,ztcyvsoi,s19pa1z1,befehafo,2una9767,3xb4lumz,9tgnx7du,5t38x587,gs7j6fxo,o4njvi62,1mpzjgk1,dtv7to3l,f1e6hs11,ywia2ok7,0rbgbsj8,od97az43,7d7i3cc8,lm2ixz8n,z6fd4yua,5jk3u9b8,b1y9yvsv,50jgbtnr,3wdquuzy,ajbypz7g,3wbn42j3,royt8bo6,7x77e4m5,7wirya95,ifoe8x28,r66eulqj,yti2nukb,zq4vvini,hrbeh0me,4ah705nc,zpaqd5vd,49dkucxd,xtmozkf6,y49su5uc,3oz6l9ne,9mxvbf17,wtmjt3hf,m6y8p3zd,eu3rry7p,rllka0ka
14,v5egtgdo,f0ny4ur5,2wc1bxi1,av8ww9fd,d91t5o01,cywjp5jh,414grqif,bnh65bqg,8m7n5r85,oen0ycsr,dqkjofw2,uicvudil,xgp2vx6o,7kovd82v,3ruxk6u2,a95hh4yk,4nd5wzrm,69xjc5yq,5jccb3nh,k4f79dr4,6vtyhbdw,mz5gdb59,6p592gwa,82d0s6po,c1a957ef,6g1qxz9i,z2q063sa,px0twvhs,nu98xedb,5iv0hwca,bjx5td52,8yi1mpri,sqxlnk9e,gmpsniqt,ys51rshu,7gd3hjc3,qofpdu1l,etnf4i8v,vid6m563,rla49fx0,wu1ygt6w,j93zbdjk,a8us3r6c,fx9ibkuf,pbddwyyi,etl9uwt7,1t3hg4wi,w90eitw9,gs2wi7hr,s00gvgwx
15,dhszlrmo,bwiyp73e,x1gces56,jkjyh4cs,901z3uc0,2una9767,3xb4lumz,wtmjt3hf,lvjveaob,5t38x587,gs7j6fxo,o4njvi62,4od8qt36,6u623i0w,0rbgbsj8,zdv0ilti,1mpzjgk1,f1e6hs11,75u57fw1,m6y8p3zd,hrbeh0me,fuqtwn5a,f5ewl2vc,ajbypz7g,ycrrsr5c,huesjfq6,eu3rry7p,k9fuegol,a8vwwpas,kgzegwon,ifoe8x28,5xki1ulf,xt6cq31n,8t35z4gl,gyvvcnuf,t159ctrv,uqgrjjwp,r4argyel,7wirya95,1vehi4w4,dtv7to3l,9mxvbf17,b1y9yvsv,4j3fdjlg,b3u9oz6c,4pgish5x,sr03hr3m,uhlcgopm,ix4zo0ha,uo7fb10k
16,dhszlrmo,bwiyp73e,x1gces56,jkjyh4cs,2una9767,3xb4lumz,bbtaxlpn,xrgnt6l5,5t38x587,gs7j6fxo,o4njvi62,a1c2zppi,6u623i0w,zdv0ilti,1mpzjgk1,f1e6hs11,1ktj39cc,8qauo907,0rbgbsj8,fpckqvr5,8n2s0bl1,50jgbtnr,bs7vh557,hrbeh0me,m6y8p3zd,ajbypz7g,eu3rry7p,5xki1ulf,k9xhphpl,ork8mgkz,fuqtwn5a,wtmjt3hf,3g06zxmx,d75cy6dh,7wirya95,8t35z4gl,80ev0j5a,9jatvium,4d4l6mzl,zkz8e1vd,dwf5vydu,wmfcwqfw,9mxvbf17,57zdu3o2,ifoe8x28,xt6cq31n,a8vwwpas,qfnu319w,6a7krfpb,flc25wlz
17,fk2wc715,iwsa760n,fsvacjgk,ce8hrh5e,g6rpxady,20hk99h4,sbryreho,5a8yb708,3bifzves,g7w2vywe,vxqdfiel,t1wpujpm,h3mdrikn,yth3t2cf,rpwccvqi,wmpjfc02,j55qog5p,o8383rfh,uw7g3y71,igoz2ei4,1q39v843,jtx7ni9b,4obggisp,60qw00zc,zdfx3zo3,b518n9dx,jlqee1b8,nng1ct8p,1a0fj900,mkebdm73,ufcvecwo,g0iwfpkg,d82sj80v,gc32tz2x,21b6e7in,f3lv7o4d,jx3alip6,t7wlz9lj,mf3ess25,vjusr5xn,azvbl4ie,0u4ar3b5,lopqt0wr,ujomta30,xc5jrjnl,2t3g8ve8,5yvjbr5q,kptkmgdm,sribl7kt,l39na6s8
18,w2c01295,wzmfmcpt,umvrwgaw,z86g8dzs,btj4ckkz,hq0owf31,me04brw1,14x4uqq7,tev33cjh,9nrucfw1,mnjy6bq2,51thatw6,sqr11fpv,4sitkqkm,0v51a4f9,mfb2or98,filgs3k3,tq9kjozt,28utunid,jggn75sg,573godis,2841vq8w,v3cgj0vd,ahhrs3sy,3nl3js2x,0l78gpg3,kftdqzg0,kl9huu33,o71haprj,1l89qtfd,2ikxxaec,ropgq7tr,bmmdygbs,lwt83ts2,quds09t4,b7n2og71,i6hut28h,2r62jqsx,2rx84imv,3kzuvyqx,6gsg0u53,b7yhjsq4,5wsj003j,m5udub60,ocpdwzrd,lgic4mky,byuv48wi,jxnd7r9u,iu1d9i57,3khv6yrc
19,mcmazu1v,gt2g1but,gjy7ydqu,d6v5mkj7,zhauwxye,jd764wk4,sxsrz60h,c5l2r3kj,wgsl0wem,08dk0ur6,cmaaa5j6,vzqrxj2w,xsh5bwcx,8o1pv9jj,qcwvsxgn,zul5kz62,hlajp8j7,706bf8qr,s949v118,zgd60laj,nt3jfein,47ema2dq,lyewg2c9,a0nbmx3l,8125y15e,hhd5f823,jeb5de0s,h32isbwz,7foxfw5a,yr1dq258,35jfg45k,ekxsv91t,bainw3d6,ycrrsr5c,mwhrlb70,gtmpd7t0,5gwnyn8z,r87am6k4,gu6ajv3r,qlm83r6n,wyj76ab6,cza4qsv5,rike3ukb,qfck720q,esjfhztp,ncjdsbn4,ysjgk1mz,b32e9wvv,44bvn9bo,07bl9d00
20,hui5jaiu,6xlb7bfa,dkxhbmic,g0dudzi2,gic43uwz,hynkb0a8,9q1mawfs,fm01bijc,a9sj00y8,7ibc0yvr,y8o6x4b3,hext9jv8,3446eyi3,ijbrhsl7,8n4dlkjo,fqzczofm,7tg62meg,6cxndab8,qhld3bbh,61xioybu,5n7hxhbg,zutavvrf,onpmkjaz,rq94lma3,59pnm4fn,dq2empne,w6gmscv4,rxmpi61o,4p7gboaq,tphkjqii,gk84fnb9,0rmuvb5i,4zd58eqy,g4ff9x57,p5vizh8g,6vcts4w3,zlzig0nn,ftqtubid,fz5zc9sz,dv405298,h11bcb1e,a0asoy8j,2eqrk42b,x1kankxd,r8fmq65g,ura61ma2,0wapvpp7,6ph3ykfc,ufngj4gq,35j928mf
21,dhszlrmo,bwiyp73e,x1gces56,jkjyh4cs,3xb4lumz,2una9767,6u623i0w,cqesmvk9,5t38x587,gs7j6fxo,o4njvi62,zdv0ilti,0rbgbsj8,f1e6hs11,ajbypz7g,8t35z4gl,0agldesf,1mpzjgk1,5xki1ulf,m6y8p3zd,hrbeh0me,wtmjt3hf,zkz8e1vd,4j3fdjlg,7wirya95,vi51uons,n92atcrx,a8vwwpas,pth2d40p,uo7fb10k,uhlcgopm,5gnbrnt4,b1y9yvsv,oc0edgd2,3g06zxmx,fuqtwn5a,dtv7to3l,eu3rry7p,8nl1gywe,xt6cq31n,peg0m87x,fvkr77sf,idd8uq9h,kh9whqzd,cxy1p3g8,2mcwhg21,d75cy6dh,wmfcwqfw,ib0cofa4,xhf8yg6o
22,54vyzxjf,q5zabro0,qzv030tr,19zh9evl,dhszlrmo,5qa2z9jj,e6itic6z,tzuyo6tx,eylpfrj3,wk2jynv1,bwiyp73e,x1gces56,vq75xdnf,3xb4lumz,hr70o8r6,at8ad5mo,x5t90x56,jkjyh4cs,6p9btua0,uh8r2vyz,yxjmh8sn,pgr07l9b,n7says5m,1mpzjgk1,5t38x587,gs7j6fxo,o4njvi62,sdjqth8d,2una9767,8p311gkk,h41vu6vu,vyc6rstm,zdv0ilti,vn9ba1ku,qg44ymyt,in3b1nzv,mxv2w8eg,m817oudw,ddza1x3z,yhynqeo1,4ep7nf3q,x1v4jpl4,f1e6hs11,kv1zyy58,k2mt671f,01es0zv4,zofttbse,6u623i0w,rxuq3ux8,0rbgbsj8
23,bwkad2s0,y4h95kb4,njkh20sv,puu8wib8,az2t6jjx,osaycpe8,dhszlrmo,mx4t6s6n,tz3hqv5g,159p181f,3xb4lumz,lujxql3a,xwaycskl,e0skv0bn,5t38x587,gs7j6fxo,o4njvi62,bwiyp73e,x1gces56,2un9aggj,i073l1ww,5efzormt,f372jh4t,8ek694p3,0rbgbsj8,7kw9lws0,o56j4qio,npob20n0,ljicdm13,f1e6hs11,v92j4uxp,llzfc1r7,jkjyh4cs,4mnmaky6,13akn7dm,dmh2j6n3,m6y8p3zd,mnkwjplb,qd3disy2,60wcvkbn,1mpzjgk1,u6uqroi0,8t35z4gl,b8ce35l4,uzexzc5e,xhf8yg6o,mfde6juv,2sdqehyw,ie9dn724,qn89o0d3
24,118x15od,89ovdnxl,n52mmprb,bs8p50ig,jmzz8wxu,b2sse5e5,3meiks6o,vs32no7a,dhszlrmo,p5orjg14,otqjnh2s,iqrxerqt,gf8xn7my,njkh20sv,puu8wib8,3bj567gr,bwiyp73e,x1gces56,u4di2tk7,bevg0mdx,da1xab1s,3xb4lumz,v7uwpcb1,ag87j2of,skknfc6h,na2zbx8g,6wt6wzxv,lmrr4hde,d624q452,uxqj5jw1,jw65zrj6,0wfsr4iw,07hj0vkb,jkjyh4cs,5t38x587,gs7j6fxo,o4njvi62,zrq3a1oi,o99mtt0v,stmo4b0g,l8bj9twb,76xvzvdg,icwhpbpj,gkek4m88,b4ay5vyp,0rbgbsj8,1mpzjgk1,9309aig5,b6yfgc8t,5ttmy2nj
25,dhszlrmo,bwiyp73e,x1gces56,jkjyh4cs,8cixsjrf,hyoyjpbd,biu5zxd1,q0hqbka3,2una9767,nyyrtget,3xb4lumz,fse9npzf,1lnknzwa,5t38x587,gs7j6fxo,o4njvi62,6u623i0w,5838vrqx,npf7c436,zdv0ilti,1mpzjgk1,i6bs536s,0rbgbsj8,4ouhe5en,1frc4zya,f1e6hs11,3yu2di1g,1qv8l925,hrbeh0me,h88vpwni,0n5apnle,m6y8p3zd,18jiikdq,i3ydg93k,nxm1jr0x,eu3rry7p,hyk93ons,fp0d03ze,ajbypz7g,fuqtwn5a,gse1k0wh,761ymmaf,5xki1ulf,jdnue7br,rsf8uvd1,gl8uuqej,le1mc045,19zh9evl,ifoe8x28,9ij6cned
26,dhszlrmo,bwiyp73e,x1gces56,jkjyh4cs,btp9dldg,h83aed9u,3xb4lumz,qjr276pv,5t38x587,gs7j6fxo,o4njvi62,2una9767,imv0sc9y,0rbgbsj8,3087o3g0,qtdl384t,q9za0pj2,04zbbyii,f1e6hs11,6u623i0w,1mpzjgk1,zdv0ilti,zlzuoeh2,1aqtqaod,j40zj4al,zq4vvini,aqsfi30i,m6y8p3zd,9fngwsh3,wmfcwqfw,txyf05n4,47d0wl98,hrbeh0me,ajbypz7g,1frc4zya,jai0xbwr,5zrywg58,ov841v5b,6vmfa6qx,8a3bpa4k,8g6julo6,fj8nhgyl,8t35z4gl,t159ctrv,svgguadm,hv0cwf6d,vww8ypyz,y4cqgbm2,txhtw2la,90tccg03
27,nlzdto1h,xwvtjm6s,6qsk6mij,hv0cwf6d,atnz63pk,nadzy6lm,bmsmegbs,50zrnau8,tpltmho1,7xb7hj9u,eerqrqwk,fjnhoai4,vde6vm2a,1ew0p6x7,dhszlrmo,pth2d40p,6pn9jwfn,li8kvzdh,3xb4lumz,iff8cuum,1tq4z3uw,pndu87bp,wxvy01cg,54260tth,qwngx01h,c5be70t6,vxl2flbn,xcu80tcp,zbzrxuoh,dqc3qsw0,wivzfv6t,ramd5lit,5t38x587,gs7j6fxo,o4njvi62,7bgerq3r,90tccg03,wl0wlxh6,jdy0os21,pvb5c4ih,pxfwe67t,wwr777rk,bwiyp73e,x1gces56,qtlevnbt,0xzsa21a,89fol3pq,uofy7jyx,4vgbzcx8,2itui3ar
28,njq5pc58,0lk8eujq,tkqmu1va,wmpjfc02,sdij1d90,tdlcb9bf,qe56u93a,fhy2z49t,ulkty104,5o9bbspc,2hbcbvt6,gpofwyux,fxqseibh,vvexfg1c,60qw00zc,zhfrgaxf,w1au4pyl,fckn8ld4,2f6nj4to,5yvjbr5q,7fdcu2f0,3egv50vb,1q39v843,01es0zv4,ujomta30,jk62qn0z,l6l24pco,4ifdy2eh,tg8kfiot,sm0112e3,9jnixy2b,bisheysk,b0aaozmn,bzt6jsyi,1zawpois,0u4ar3b5,rh9fpr0w,p5yc80u7,j9vmsfjw,azvbl4ie,95zrth5d,p5ceve0x,lhqiada4,rqeultbq,ehidj2ev,f1e6hs11,qq6l6yrx,cloeomqq,m8utyd1m,0b0fvnhn
29,r4snyxr9,7jhjlxtf,m0q7rm6z,spqoikin,9jnixy2b,j5nmifhj,ju35nyir,bqemz1eu,4h73lukj,qe56u93a,icyut3xa,vnn7lp8w,bisheysk,1b3x7p6u,r88zb7t4,rrazeehl,0b0fvnhn,7cjm2yp0,pu6wni0e,b36wi464,6rr4bjbr,sywk7014,vxqdfiel,4yuw7jo3,sbf9qi6g,zult69f2,b4mdiont,b4u63jgo,dl6rbqxp,6mw8okmt,ei3kkp30,r5p5helx,fhmr1og4,c0r2nbzo,mrgw2mnx,50yohq7p,7hoiaze2,9uyeflgg,bbtaxlpn,p5ceve0x,75zgljet,n0dtdfec,3zy5dgxz,05fiqpeg,zb434ve3,7fdcu2f0,upcsvjuo,5f95gve3,fxqseibh,1ga7c591
30,fxi8ss2s,zdfx3zo3,x50tvq3a,p6uliadr,b518n9dx,gqqdx2r5,7e8zlt3t,bpou9p89,nz8qvuw6,bzeqs5oh,uc3slu8q,tpp40j0g,xw8o189s,o1ff4hex,gpr86lxe,juz9jnfk,bw9lbzvt,7fdcu2f0,rl3801n6,rw7shrbs,7v7pzclb,01es0zv4,ghrlj6b2,aosmo568,679qfp2s,b0aaozmn,qpa6tk6v,46zui1sl,pgxew3yk,3pxc5wot,f1e6hs11,vxqdfiel,2jei05lk,zv0ysi8m,m8utyd1m,zdv0ilti,qq6l6yrx,1mpzjgk1,n0mz098o,3xb4lumz,m6y8p3zd,l647du3s,fsvacjgk,6dqy7tzc,dhszlrmo,t1wpujpm,rn3bjc9d,llwjsds8,xt6cq31n,dl6rbqxp
31,yp4o3crk,0ln9r2nq,mg2zikyp,1pxacoi4,46qcxs4j,0ybn2igj,jqjtbkda,2rhcz41w,bltjbxr0,uqhiyj56,imyvmgdk,dhszlrmo,k9qiwy1b,eruilkrq,h180nsed,vp80nm1b,m1j6v33y,ktet18wl,sgq4zr72,si9jhugj,ugc7ce21,c813ttt2,zw6qf621,z0k2ui3y,q9t6yv6r,ozigndov,pqvlh3eg,dtv7to3l,bwiyp73e,x1gces56,dmtb3icf,nvyknvc7,7ygcfzii,zkudc8ww,upya9ehz,rsifxvtj,y176cze2,jkjyh4cs,wa6k2kv6,dg53ss0q,rey2m4nq,9fngwsh3,1whqwaan,l9862er0,085v7n6k,73mqgofa,0oqcx0az,uheb2cvg,ziujiigl,lkxfflq0
32,dhszlrmo,bwiyp73e,x1gces56,jkjyh4cs,d25dph83,2una9767,14gcu1se,9sk11214,hsmfd4vd,k1wd7ymj,3xb4lumz,auwm2qj0,6u623i0w,zdv0ilti,3lgjo8e8,5t38x587,gs7j6fxo,o4njvi62,1mpzjgk1,f1e6hs11,0rbgbsj8,pfamlz3g,5xki1ulf,ajbypz7g,dtv7to3l,hrbeh0me,kzs8rbmp,bf1eok3s,2okcuviq,m6y8p3zd,vvo8a4hp,eu3rry7p,zkz8e1vd,cp6he5mc,7wirya95,8t35z4gl,bu8vq65n,gchn4j9x,9mxvbf17,fuqtwn5a,tcz01unx,crdp813c,iblqos71,a8vwwpas,08ds967z,kcyao9i9,ifoe8x28,u6ewlh16,t6h7d8me,1lfo7j9i
33,bb5dnbbt,zpi7uis1,4vkag60z,hmeg2t9m,w9rqnz9h,tm8fzbue,4cia91cq,c7bmrjzi,o6rwqnu2,30f8kmx7,ljlo42ry,68sbqdi3,vevsgkp6,xv0esvos,z5q82rmp,ogb83fgc,1lxd2457,dhszlrmo,app590vw,1ksz6nmx,sp87qdkr,itrv27tm,65iwx5nv,spkg3hbv,a8pixbuc,ivmpbuwf,ibac3d0q,mx5k92un,d2j9wpqk,0pmsfrcx,wniydnsd,wly18gdz,ltyqrg81,79yna07e,0t4uxmj2,htoexg53,1n69h3i3,bytd4ueh,wfaqim7d,0fx1b7ph,d4rq1du1,ojd11a7i,gmoq1i5x,2o8u4eny,xvke7sze,hb2lieh3,gos4w1pc,dkqxfqk6,15ev0b9d,2cxexuua
34,dhszlrmo,bwiyp73e,x1gces56,gd5btv69,jkjyh4cs,3xb4lumz,orko04fi,eujbxdqi,0is1vyhy,5t38x587,gs7j6fxo,o4njvi62,2una9767,xbzl4q24,0rbgbsj8,ldeiqbgi,6u623i0w,fkfltedm,f1e6hs11,zdv0ilti,i9uhpu34,4989atst,1mpzjgk1,8t35z4gl,gdxvbspx,ckay4ufw,ajbypz7g,q9za0pj2,kaip0d1i,m6y8p3zd,nmpppztq,hrbeh0me,athjtu2j,0khg28ex,9ae26r2z,ln8ddyuj,n28o6qwt,wh9vvgv2,5xki1ulf,4j3fdjlg,hzeit4tu,qlpvt29o,d75cy6dh,z7mujgny,gspip4kh,8nl1gywe,fuqtwn5a,b1y9yvsv,eu3rry7p,xt6cq31n
35,dhszlrmo,bwiyp73e,x1gces56,4j3fdjlg,jkjyh4cs,ztcyvsoi,3xb4lumz,2una9767,5t38x587,gs7j6fxo,o4njvi62,qwngx01h,0rbgbsj8,z0m6uuzf,6u623i0w,vsl94lhz,j40zj4al,zdv0ilti,f1e6hs11,1mpzjgk1,hrbeh0me,m6y8p3zd,rwgv0973,st5idleq,ifoe8x28,4pgish5x,pth2d40p,n92atcrx,vi51uons,lk3im70b,fuqtwn5a,71njvx7l,ajbypz7g,7wirya95,n3gamnfv,umqowine,8t35z4gl,6uaj8fb7,o4uusbix,keaxietu,6lngz7y1,xt6cq31n,uo7fb10k,49cwp1hb,5xki1ulf,3g06zxmx,65nroic5,0nh58odf,cqesmvk9,uhlcgopm
