1,d6by9p41,zdv0ilti,zel9a3u6,1mpzjgk1,7wirya95,dtv7to3l,ifoe8x28,8ybfiz8f,plxz5mkg,u65mey2z,s19pa1z1,f1e6hs11,k9yus2sv,eu3rry7p,u7tz6xzz,3zy5dgxz,tnfgbl05,dhszlrmo,zy8qjaai,6u623i0w,efk2jj50,sdtxi8xw,z14rf85c,llv3cvdr,solp6ho1,d75cy6dh,00s3wgem,bwiyp73e,x1gces56,005b2j4b,lf941vhd,d2knbzhl,9mxvbf17,89fol3pq,zhxrlopp,bo8wiiqy,2una9767,etmhbrfe,8m6793vd,ajbypz7g,rcwck1y3,7cb88t8n,z443e8lk,juz9jnfk,z2kgcjtp,3bc72zgr,xummm9xu,sqrn6kjy,ssxq1ns2,mmkrwj8t
2,rnn8wr50,og0zw56h,eoykmhv3,1llox90t,526elsrf,r141na6j,q9ab1pji,xcacty89,wjdmzmdg,o72ls2my,kftchnhz,h5ufxzv9,lv8dvdp7,azcr8jf3,lu11wvcm,5g0almil,u19e9j2w,3svnvozz,3xb4lumz,r1yjphnn,8t35z4gl,1x3dp1vv,nzz852lx,01goni72,drzphrqj,w5tc6gmu,0oma7hdu,31vwsjvv,8ozauxlk,0x4zrfw3,5t38x587,gs7j6fxo,o4njvi62,wic7n6ia,q3abp9o7,147yc66p,rt6x7vkp,ej1b1x53,dn5dxw79,ztj6o4ob,huo96w6q,fj3a2y1o,hkdzyo0u,pzbcthjr,vc2eheb6,ajbypz7g,gl2jh5x9,sjyrr2bn,7x77e4m5,t5qjpw2z
3,dhszlrmo,6kr2uwlq,oclvbviv,nv1aa116,2ct0tyxh,tkqxb1ql,jdu4h00e,591iufv1,cirzyldz,pe3zfrpf,mlvx9kch,gq8pusi3,3kod0oah,byp2eqhd,jzpwo5un,ety31hy9,xmk8rq9d,e1k8dhki,3pvstiz6,973h46as,2qpcot6p,04e6wvov,qjezak5y,e7vwyv2a,qjximt34,fc3498d0,wh9vvgv2,ctikde7d,kj3yxhij,855h0e1k,qtj7ai0v,puxz2f9g,hzhj4137,c218cycl,m4nnncsf,ebkwv4zo,ldvspikx,jc00ulx5,ipoelk4h,1vehi4w4,j0suk34b,uscd264p,kb2wrxio,8t35z4gl,atvxv0qb,ydeeps32,fui9all6,ctass7hz,rwf78stz,pxhatb9k
4,4ddljc1t,shv4w74z,yp4o3crk,gs2wi7hr,dhszlrmo,iomao9a7,nei42gox,6a7krfpb,3xkao4oj,7hkowm2y,befehafo,6jiy0b55,061zxvxc,bwiyp73e,x1gces56,qbr3aomm,xibx3nkd,ux9a6wrh,6u623i0w,7xgw8smv,sqxmt699,y8flcu8h,2jv3ef57,jkjyh4cs,kc7msjsz,de6rg5kk,08dk0ur6,zdv0ilti,44inap6t,hhj7zte1,3o90pzw7,l9cflfe3,fiievwy7,81wrblt6,lqhainz3,h6z3w9hw,czu0bga0,dcx6cv2q,3xb4lumz,lovqsclb,gzzbkmho,c78vokcc,m3nqa321,p61kd04v,otqjnh2s,95sck64d,edlyk99v,1tkbwk8u,hvr8dbiy,r9yrr45q
5,6tsvv3tv,zbpvqsqb,seaa46hz,x11t9pbv,vobslprh,9zy7xqig,y3joi01a,u3n60qjw,uf9sx5qi,8na0nn5s,bzvdkxu9,7hqn997j,kj6di0ut,6nu7rob8,3o0hv92q,qejmwvst,264wl0vm,eva0soja,dkqxfqk6,l3b6n7ej,3xb4lumz,3uohifp9,jadzias9,8lyw27gh,5j4nt2qs,6knskl5l,cufivffi,i4t84krs,k05cdqlw,ouvqboeh,jjtsd4n3,fwqdx224,rovmpj0v,p1jeiljo,niiqi4rd,tj4deqfw,q127qidm,8t35z4gl,9uqy94w4,ej9efiq3,uw3fkjrl,jy4s2qis,kv1zyy58,i72nax2p,mo4luyx6,blzgleh1,xyq7iq9j,np4pujk8,6tgl1cur,8v2sz7xm
6,m8n2p55z,bgm3bt78,mqs502xm,hzahejqk,m92zffz9,rhmywn8n,6u623i0w,1b3pigtl,bkq5gpg8,vf3vexi1,99231m4n,p0rqg7uk,yj9tfemw,wsinsafy,n5du3bqt,2jbw4spu,1ebdxkq6,6kpgt70s,aimraxlf,1kxxg0s9,5pc0fhr1,0l4pec0z,emogyuht,4cw34pm9,y7pvj2l1,5s03f0pp,yaapimwn,qdgqif5j,6f8vyziv,hs9cbsq1,63ddlh20,2jwuzfan,7rip6wtu,bqbj660w,ibac3d0q,vjiecd4k,5enmq7do,1f3r80r5,qx0mpjwx,i0586vfw,5j8kbihe,qiay8n43,t6rs1i7b,gloxcpzq,3sr4djft,lel5jqls,bby9hls2,zcktrmyg,fl9lur4h,7epiuixu
7,ilxd0ih9,3g75spkc,nna0s5mf,qjma4rsp,ze9fl3se,um70ket2,rko7qdqk,vijh6x1l,j59tm40d,xnqkqgvy,bah2ege0,m9yv4qkm,oihyz5v7,9595vm0k,0te5ybjv,idy5fka2,knc0ruou,621qzpqd,lsb1s8y7,gbyyehbu,wow470k7,pncedv8d,8cg5yj20,j36vajdi,i0i5p4k7,5jtzt8um,bsu74y23,i26lgvbz,k8wfyj9b,8ixb8y3j,9lswjro2,c87bbwmm,3czpucs4,w79ktbfs,2t8guaka,nm2bq717,07qsm5pv,6alsigxk,u4iri70d,2siuovme,5pl5oqwf,7atoko6c,juooj31c,6c2wttxg,5xxi33v3,6u623i0w,cxt9oq0j,z31g3mr5,dhszlrmo,ir3k848j
8,9in8l1f7,5gnbrnt4,6fkvmk6f,83f0ruku,7yymjeoz,fn22wv7w,xodngfj6,gkd1h8yi,1gtnxs42,2ad1tu4s,zzkkm496,hptjqmrl,4oipool1,4fyihdkv,odm1asa9,7bhfranq,vc29aif3,q14x0i2c,8bzu3jiu,x2ky94b0,xinfo9xw,dhszlrmo,ph6gm827,dnn54jah,eawmuuye,92rz2byz,wr5nlki3,buzj06i6,e5q27vpw,drqnrwdl,c2zikoak,1ru3wgkk,i0586vfw,fy3574ke,zdv0ilti,sphe2ely,u5qd9lcd,85l99l13,bcbqgb2l,mw25tdlv,k1nhjiyc,2akq7e56,uqm7ndjt,8t35z4gl,ftda8xfw,12gyrmh2,83qbmc7q,1bj49pjv,ynauz0ll,htd7dmn9
9,adf5ttfd,ca4c6b8a,jmzjfwxi,5t38x587,gs7j6fxo,o4njvi62,0rbgbsj8,3xb4lumz,dhszlrmo,w6scpc65,fuqtwn5a,9xroa775,8t35z4gl,8obqdbh9,7fkaj1h8,m6y8p3zd,bwiyp73e,x1gces56,l0c69uul,hrbeh0me,foczxm52,8tyrnajb,4j3fdjlg,bnzfljry,uhlcgopm,9fngwsh3,t159ctrv,b1y9yvsv,jkjyh4cs,spo1lzyo,od97az43,32gw2ug3,zdv0ilti,xvmm9trf,4i97fpzc,phepjf55,s00gvgwx,uo7fb10k,f1e6hs11,kr1qy54q,fqu54j4h,qy66ih4m,dtv7to3l,aqwdg489,ajbypz7g,w9hq4kj0,51g3vhcx,8nl1gywe,ycrrsr5c,mrsya6wz
10,ls408b2b,q5xc4m3j,rzh7ja6a,xbuypaf6,f6rx4h3r,le2eifv8,g8lsrojl,d4dnz2lk,2jd7aa2d,xthtmpar,all7ocnd,43w659t1,vdrd74nz,kweh1doo,noyx53ej,9a131e0i,o8uk6if2,n0nch8he,jtamxl3c,hb1r2aw7,k208rpth,y2zcwcic,tnecig63,xcfk4efo,51g3vhcx,lb0fd7ig,ts3ra09u,esa5700v,9bi6pobg,jdfsacds,0a49okho,o8k66pes,gilpb3oy,4u7qtoz7,6gsg0u53,slnyun4l,qm2qvcwk,cm91jxde,axymuyev,9zeqigqa,lnv8yi9l,4je9wl1o,y8o5j2be,17wpnfao,o5cmhvy3,1i5arpf8,jcjb89wa,xfjexm5b,svjajpp4,u4iri70d
11,8789ibcp,4pijm4fy,e52wuc0h,b04lq3b2,b1kubfl0,8a49f9hl,fwnjby5p,4523cwwi,9in8l1f7,3w5jmsb8,alcq4jf8,x4yymqby,98hfmy31,4lx5ft5u,e95en2q4,nvy1pzak,5jpvjl46,0vfl75ug,2sxpqp6l,ilt8776o,z01modgg,r7huvk77,wjdeps3h,40n3g79a,3n7f5c0t,d7y7s4lo,41v5shpt,fgvbrg8d,wxg6p6r3,meonr7j6,vsinwqnr,s5w3azsd,z2jtbkm2,sy4kiirg,4bltio08,8qwxubqh,vnzn41o0,313uw1vr,zxn7psir,mwlgvuag,dhdk1mv0,3isog9s3,le5629m8,2q5fmpk6,ie3msqwt,le7ojc1b,w8trclz6,95sck64d,de2yda7i,xi59oxfo
12,bpu3hpbn,9hrrkqgi,2g6jxi5k,i2acghft,e350kj7m,4qrssc82,u1c20tb3,dr1ym2mb,73yg1bi1,e2p46wa8,scyndvq8,64igat2s,dcx6cv2q,5c579tli,6f6t558e,mia3dytz,kp7qk49p,zrx8l9d7,obehsz2z,8b9hbpzs,ezz0fcbb,rr7r7ef0,px0twvhs,gqw815xx,dhszlrmo,hv7z11al,btng72h7,sfr9twfa,8znpqcth,rr36a3my,b8a78ym6,vf88r8la,m3nqa321,7htcicqg,hqi3w2a1,r044iimd,65n6p550,qznrjflx,p6cesrdb,rv06wb3x,t62m8uwv,y0gq9kgk,lp4vhwsz,grmef7ab,elnwn7l5,x2bi3v3u,4iwyjk8n,e0wzkhbz,4outpiwu,wlncrdv4
13,ztcyvsoi,6u623i0w,zdv0ilti,9tgnx7du,5gnbrnt4,1bvsn9e8,w9hq4kj0,bjhdy8mg,hrbeh0me,4i97fpzc,uo7fb10k,bwiyp73e,x1gces56,xtmozkf6,z6fd4yua,o4uusbix,befehafo,6lngz7y1,od97az43,3wdquuzy,tjtyd7un,iat80b4l,7x77e4m5,vi51uons,dhszlrmo,ywia2ok7,v13k3mm2,51b7oh8s,5t38x587,gs7j6fxo,o4njvi62,1sbj2wzd,yti2nukb,yo29r4uc,4j3fdjlg,7d7i3cc8,28lmzw9u,r16y83dm,ieobv7q8,4pgish5x,jkjyh4cs,mhm7r3qc,royt8bo6,7fkaj1h8,lf941vhd,7wirya95,4s6vxmy7,uxqj5jw1,xxxdjfbc,j60j7e9b
14,d91t5o01,av8ww9fd,cywjp5jh,3xb4lumz,uicvudil,v5egtgdo,e3bg0igx,agnmfkoq,5t38x587,gs7j6fxo,o4njvi62,z2q063sa,ibwo59yh,eoykmhv3,1f2luunz,ajbypz7g,8m7n5r85,5gnbrnt4,f0ny4ur5,hfmgc5ve,adf5ttfd,c1a957ef,a95hh4yk,oen0ycsr,hquc2v2c,k4f79dr4,2wc1bxi1,0rbgbsj8,7kovd82v,7t3ci8tl,tjtyd7un,bhhhslsr,pil4uudg,414grqif,d5ohumyy,y7d13028,j0xbmy27,dqkjofw2,6f3up1h0,jetrio44,kqetjqys,8t35z4gl,3ruxk6u2,tj4deqfw,5j4nt2qs,q5gb4qkq,anel9yqj,w955lam3,1xenvfcd,gj9wjkoo
15,75u57fw1,nc8ktxeo,7aj3fx5u,f783oobv,dp2t735t,eumuid3r,9xbu4hnq,dblrxlt1,4eh1v832,15hzah62,1mpzjgk1,eeugb4x7,plxz5mkg,5283jsnu,ndxyyu7q,dqour5jr,26py5jyu,nomfciyu,11060ijh,wtvjjc7p,ke51zzhl,6fue84x6,7y5i2w8x,wh9vvgv2,ih1py5n9,mz06mkqf,6r36iokw,iwu428pk,wajt5xe0,4nmpwmzz,unnrflmr,f4hj35dr,lc9hvhn3,yaspd6l7,bbmcenpy,33pxylb3,nmt221tu,3bc72zgr,d2knbzhl,8q7efrqk,n7ylgqfu,yk60ol95,iex8s5fw,dpk3fqqj,t5iz3vdz,4od8qt36,bpcyee65,87d7gzgb,3114rz8f,efk2jj50
16,80ev0j5a,dhszlrmo,x1qr2cc2,h9gj814e,8n2s0bl1,5gayhkxx,f6ikfoe8,giqqdzkx,fpckqvr5,khpc9f98,a1c2zppi,9ti4bl4e,zxn7psir,ggdz1ass,22yam3my,50jgbtnr,qz68gtd4,o1tjh69q,pyfeft97,bkh6j3h4,6u623i0w,bwiyp73e,x1gces56,l676wo9t,thobsldp,a75xznqb,cxnoemdo,xs2eo6s7,1ktj39cc,bbtaxlpn,4d4l6mzl,2i2oytjw,yk9af4aj,6yu02snn,jmtnsrj2,5ffd3x5c,v6310fjh,m8siqfov,tnoo5qky,57zdu3o2,8t35z4gl,0q6czeu0,nlzdto1h,q5egb5nz,eiyx9u8c,wikgbxni,2xg116nw,as9hfsjm,3xb4lumz,zdv0ilti
17,fk2wc715,iwsa760n,vxqdfiel,nng1ct8p,fsvacjgk,ce8hrh5e,h3mdrikn,t1wpujpm,b518n9dx,rpwccvqi,g6rpxady,5a8yb708,20hk99h4,yth3t2cf,jlqee1b8,zdfx3zo3,wmpjfc02,sbryreho,3xb4lumz,41pr3dwa,4obggisp,gc32tz2x,j55qog5p,2t3g8ve8,uw7g3y71,t7wlz9lj,60qw00zc,1q39v843,dhszlrmo,jx3alip6,x00c3eex,l39na6s8,5yvjbr5q,3bifzves,8nl1gywe,5t38x587,gs7j6fxo,o4njvi62,d82sj80v,igoz2ei4,g0iwfpkg,0u4ar3b5,azvbl4ie,ufcvecwo,xc5jrjnl,g7w2vywe,rogv6xtv,o8383rfh,mkebdm73,0lk8eujq
18,me04brw1,51thatw6,28utunid,w2c01295,wzmfmcpt,z86g8dzs,hq0owf31,umvrwgaw,14x4uqq7,ahhrs3sy,mnjy6bq2,o71haprj,mfb2or98,btj4ckkz,6gsg0u53,tq9kjozt,9nrucfw1,573godis,sqr11fpv,3kzuvyqx,jggn75sg,tev33cjh,m5udub60,yp8x5zwi,0l78gpg3,filgs3k3,3nl3js2x,0v51a4f9,2ikxxaec,2rx84imv,2mjs1p7t,i6hut28h,v3cgj0vd,quds09t4,4sitkqkm,1ok0k174,qdamvwxl,lwt83ts2,hyn9shju,kl9huu33,1l89qtfd,tfspedf1,zghq7mcg,2841vq8w,3khv6yrc,oi290bsa,jxnd7r9u,kftdqzg0,byuv48wi,iu1d9i57
19,gt2g1but,sxsrz60h,jd764wk4,mcmazu1v,cmaaa5j6,d6v5mkj7,gjy7ydqu,c5l2r3kj,xsh5bwcx,zhauwxye,s949v118,vzqrxj2w,wyj76ab6,a0nbmx3l,wgsl0wem,706bf8qr,qcwvsxgn,yr1dq258,nt3jfein,hlajp8j7,qfck720q,z8goazar,47ema2dq,a5ni1s9e,eyigl0wz,5gwnyn8z,qlm83r6n,gyaxcvf7,r87am6k4,9l8nuz5g,8125y15e,ncjdsbn4,h32isbwz,zul5kz62,b7kbyp3s,44bvn9bo,hhd5f823,ywlig1wl,zgd60laj,lyewg2c9,07bl9d00,30f4vwx9,esjfhztp,tciwtxud,ekxsv91t,35jfg45k,kpcb2vy4,g37hlv19,is8i1do8,7foxfw5a
20,gic43uwz,6xlb7bfa,hui5jaiu,fm01bijc,y8o6x4b3,dhszlrmo,dkxhbmic,6vcts4w3,35j928mf,zutavvrf,9q1mawfs,60wcvkbn,bwiyp73e,x1gces56,a9sj00y8,hynkb0a8,a0asoy8j,g0dudzi2,6u623i0w,nc05llre,3xb4lumz,jkjyh4cs,ijbrhsl7,ad6hnj8r,ipoj13va,3egv50vb,w6gmscv4,bzt6jsyi,lhqiada4,5t38x587,gs7j6fxo,o4njvi62,5n7hxhbg,wup6tig0,x8xntne7,2una9767,lij14ztt,55ceq7ze,zdv0ilti,kyoa5gsf,8t35z4gl,dq2empne,p5vizh8g,k2crv9qb,5gebhq8i,2keibgne,0rbgbsj8,2o8u4eny,ajbypz7g,7ibc0yvr
21,cqesmvk9,0agldesf,6gljl7n5,jkjyh4cs,b8tvdqp7,z7pfmkvy,bl5d4xkc,dhszlrmo,idd8uq9h,gdxvbspx,bwiyp73e,x1gces56,peg0m87x,1tc6i94v,u28q4c4n,3xb4lumz,embnko1q,ajbypz7g,nnlynjoy,8t35z4gl,ser2y494,fvkr77sf,7unnfmks,nrdiqees,honeavwj,zdv0ilti,u7ub7i0l,ftbnmwet,n92atcrx,wmfcwqfw,f53i4n02,yswlt555,6u623i0w,na3ccs16,cxy1p3g8,ohba2n2o,pth2d40p,uatnaro4,ou3wj4rz,5t38x587,gs7j6fxo,o4njvi62,xhf8yg6o,714jbplw,pcj7rkif,30fi614e,gpql06um,2r4uty9g,oi37dfsp,1x2urcj9
22,qzv030tr,at8ad5mo,vq75xdnf,in3b1nzv,yxjmh8sn,x5t90x56,vyc6rstm,n7says5m,pgr07l9b,q5zabro0,19zh9evl,54vyzxjf,5qa2z9jj,sdjqth8d,uh8r2vyz,7fq9culd,m817oudw,lv8mll28,wk2jynv1,dtlwjndn,ye15hb3y,1aal6njl,qg44ymyt,845w9r6l,7ambsarg,mxv2w8eg,hr70o8r6,i073l1ww,b6yfgc8t,4ep7nf3q,qhld3bbh,f372jh4t,fo3n8gf2,npob20n0,x1v4jpl4,8o884nyp,f3dsu36p,eylpfrj3,vd41u2t1,53o74jg7,tzuyo6tx,h41vu6vu,vn9ba1ku,e6itic6z,mahp1wkn,61xioybu,cgdcsazr,8ibh77s8,yhynqeo1,g4ff9x57
23,lujxql3a,mwttkclk,2vdvswda,e0skv0bn,bwkad2s0,osaycpe8,niw61l9r,llzfc1r7,njkh20sv,5efzormt,v92j4uxp,xwaycskl,y4h95kb4,jir7n19b,4mnmaky6,9lissxsy,vof63qat,puu8wib8,fcmzdcuh,bzax1u33,mfde6juv,l0asrcn5,7kw9lws0,smfve2ur,tajy3p9e,ysbopqqq,skknfc6h,yx8b2moc,r4e4tg7r,3xvphg52,65plab8b,da1xab1s,qdmuhxaw,jg6v644y,8ek694p3,o56j4qio,qg2o0ug4,pughsygu,ljicdm13,ih37onc3,iua7twk5,ubqexcof,o3in3rdo,xadfvtxj,i073l1ww,qn89o0d3,z1vquf9f,h9hjslvb,2un9aggj,90q4py0j
24,118x15od,njkh20sv,otqjnh2s,puu8wib8,gf8xn7my,b2sse5e5,jmzz8wxu,f1e6hs11,3xb4lumz,5t38x587,gs7j6fxo,o4njvi62,wnzn4yq7,dhszlrmo,l39na6s8,1mpzjgk1,v7uwpcb1,8t35z4gl,b4ay5vyp,bwiyp73e,x1gces56,d75cy6dh,2un9aggj,dmh2j6n3,89ovdnxl,0rbgbsj8,p5orjg14,ajbypz7g,n52mmprb,na2zbx8g,b1y9yvsv,zrq3a1oi,eb2irosg,s3pwiniw,ix4zo0ha,zdv0ilti,3bj567gr,ie9dn724,eu3rry7p,u4di2tk7,uxqj5jw1,bgyekyxe,08ds967z,lmrr4hde,pth2d40p,tajy3p9e,xhf8yg6o,jkjyh4cs,b6yfgc8t,1sbj2wzd
25,biu5zxd1,dhszlrmo,nyyrtget,hyoyjpbd,fse9npzf,8cixsjrf,1lnknzwa,8t35z4gl,6u623i0w,q0hqbka3,3d0tmydv,zdv0ilti,94pvs340,n6jsx47v,le1mc045,hyk93ons,nxm1jr0x,mu5a5bh8,jdnue7br,761ymmaf,ajbypz7g,3xb4lumz,fp0d03ze,rsf8uvd1,3yu2di1g,8comwpr5,j061ywrl,p6lj7c56,gl8uuqej,bwiyp73e,x1gces56,o32d3kaw,i3ydg93k,gj4vjldd,0n5apnle,5ajrvg8f,giw7ic5q,5t38x587,gs7j6fxo,o4njvi62,on33byyr,phq1g2mm,9f3t46bt,18jiikdq,i6bs536s,0jgnrl8t,1frc4zya,r8mn4lzv,9ij6cned,4ouhe5en
26,btp9dldg,1aqtqaod,e7v4rfje,qjr276pv,dhszlrmo,0g0datwo,uvsmbrbf,0ubbqima,8g6julo6,04zbbyii,bwiyp73e,x1gces56,h83aed9u,txyf05n4,6vmfa6qx,mmgv3m84,txhtw2la,dnv2xl0h,8a3bpa4k,5zrywg58,y4cqgbm2,q9za0pj2,1frc4zya,mar8zt2t,ov841v5b,tj21zcod,ghi0ekm5,svgguadm,imv0sc9y,lwxt4587,jkjyh4cs,wmfcwqfw,o6jdvlya,zlzuoeh2,nqxo3f45,47d0wl98,dr1ts4v3,zdv0ilti,wap7lo05,jat60k8t,bu2w2ox6,uwzu5lts,1po91m7b,f9hyntvf,qtdl384t,arhqix9h,ad5avzd6,3087o3g0,t159ctrv,plxz5mkg
27,nlzdto1h,bmsmegbs,nadzy6lm,6qsk6mij,50zrnau8,fjnhoai4,pndu87bp,wivzfv6t,xwvtjm6s,7xb7hj9u,vde6vm2a,hv0cwf6d,xcu80tcp,atnz63pk,eerqrqwk,li8kvzdh,1tq4z3uw,zbzrxuoh,6pn9jwfn,1ew0p6x7,dqc3qsw0,tpltmho1,c5be70t6,pxfwe67t,iff8cuum,vxl2flbn,pth2d40p,uofy7jyx,tiz12unx,wxvy01cg,wwr777rk,hd4qul4t,ujh2nmh5,e8mj6ecl,wfql1gs5,6okpsuvu,7bgerq3r,wl0wlxh6,qtlevnbt,qwngx01h,t7cxqkp1,jdy0os21,pvb5c4ih,fka8c69p,ramd5lit,ymsl7snv,l9tjubqe,zd8c1no7,e0wzkhbz,isbw3h1v
28,tdlcb9bf,5o9bbspc,fhy2z49t,sdij1d90,gpofwyux,0lk8eujq,2hbcbvt6,njq5pc58,fckn8ld4,2f6nj4to,wmpjfc02,vvexfg1c,qe56u93a,w1au4pyl,4ifdy2eh,tkqmu1va,cp6xu2ox,60qw00zc,fxqseibh,zhfrgaxf,0ux66xsj,rqeultbq,ulkty104,ujomta30,95zrth5d,tg8kfiot,j9vmsfjw,sm0112e3,1q39v843,7fdcu2f0,b0aaozmn,5yvjbr5q,l6l24pco,01es0zv4,pws42iay,0u4ar3b5,1zawpois,27f9241x,j93vbdtz,3egv50vb,jfnsq525,a62k3lma,jk62qn0z,p5ceve0x,n0mz098o,qq6l6yrx,xsorsrp4,gkes9a16,m8utyd1m,ikr6eeov
29,b4mdiont,4yuw7jo3,ju35nyir,7cjm2yp0,0b0fvnhn,r4snyxr9,sywk7014,dl6rbqxp,bqemz1eu,spqoikin,vnn7lp8w,3hgmuyn4,9jnixy2b,50yohq7p,b0aaozmn,8xi5k7f2,8e50vgyi,3zy5dgxz,j5nmifhj,mmkrwj8t,pvfk33i8,9q7zbmwp,zb434ve3,k4f79dr4,m0q7rm6z,r88zb7t4,amzmyqys,fhmr1og4,1mmqfp7g,rrazeehl,7jhjlxtf,0b77duc8,38d6gb7o,p5ceve0x,1mpzjgk1,c0r2nbzo,unnrflmr,epr1sct6,3dezlekl,77cylm1o,upcsvjuo,sbf9qi6g,vxqdfiel,1b3x7p6u,qe56u93a,n7ylgqfu,6rr4bjbr,ei3kkp30,zv0ysi8m,8vkrh70j
30,b518n9dx,bzeqs5oh,fxi8ss2s,gqqdx2r5,zdfx3zo3,x50tvq3a,p6uliadr,nz8qvuw6,rw7shrbs,aosmo568,vxqdfiel,xw8o189s,7fdcu2f0,01es0zv4,7e8zlt3t,qpa6tk6v,juz9jnfk,bpou9p89,rl3801n6,7v7pzclb,3pxc5wot,2jei05lk,5t38x587,gs7j6fxo,o4njvi62,zv0ysi8m,o1ff4hex,t1wpujpm,b0aaozmn,62fkidta,3xb4lumz,bw9lbzvt,pgxew3yk,fsvacjgk,qjr276pv,f1e6hs11,a66sszp2,gpr86lxe,0rbgbsj8,zdv0ilti,m8utyd1m,tpp40j0g,q6px4r3j,l647du3s,l39na6s8,c3geck81,kugr54if,dhszlrmo,8t35z4gl,qq6l6yrx
31,yp4o3crk,0ln9r2nq,1pxacoi4,bltjbxr0,dhszlrmo,2rhcz41w,nlzdto1h,d5vigcai,46qcxs4j,jqjtbkda,f526k9q1,0ybn2igj,l3s40a8t,73mqgofa,imyvmgdk,rsifxvtj,h180nsed,ktet18wl,zkudc8ww,lkbwxo41,k9qiwy1b,7ygcfzii,mg2zikyp,m1j6v33y,pqvlh3eg,9fngwsh3,6u623i0w,8t35z4gl,ekal5251,69nnyq8p,sgq4zr72,ozigndov,q9t6yv6r,ugc7ce21,c813ttt2,z0k2ui3y,l9862er0,fy9zank1,ondu11s5,qko8md3w,zw6qf621,m00gcci4,uheb2cvg,79idq4ze,dtv7to3l,si9jhugj,3xmkqr33,k249jkse,8vxqr3mc,zdv0ilti
32,9sk11214,cw5pqroz,zdv0ilti,auwm2qj0,u6ewlh16,bf1eok3s,ovv34qxm,wbtaoo0o,xtqvtleb,bt7o8yxk,v98gv5uf,005b2j4b,xnamt7q4,ry9wpcxo,st5idleq,i924o2la,zfpg6dgj,xckkdci1,8m06zdho,xt6cq31n,dblrxlt1,drqhuhk4,sg1grxlq,s0893qap,ndxyyu7q,2kbi9drl,0nh58odf,i758v1vb,kcs6vc8g,f1e6hs11,c2lljdi7,suhqgmlo,2okcuviq,h5kshyna,kamvao4b,d25dph83,o3in3rdo,65plab8b,e8dd0bw1,fb8mca1h,2bf3xzni,lfwytlj3,50glxdky,n7ylgqfu,5mh3ds6y,1mmqfp7g,z11exbyu,pqpzbmlu,lfl7mnd8,hmem8se3
33,dhszlrmo,o6rwqnu2,4vkag60z,zpi7uis1,30f8kmx7,81wv1s33,tm8fzbue,t0d8wtvp,vbibyj32,bwiyp73e,x1gces56,0fx1b7ph,cg7wqc0q,bb5dnbbt,6u623i0w,4cia91cq,dkqxfqk6,0t4uxmj2,tm7krxxw,qfe780yj,9fo7m63k,4vl0cvyq,0pmsfrcx,spkg3hbv,oc0edgd2,qhsgt1s8,sp87qdkr,21irqpxj,lmstdmyb,ikq9t2v7,kzj263xj,4eyn7pjq,7750z41g,1n69h3i3,app590vw,wczw4vn1,w9rqnz9h,itrv27tm,9a4jw0ze,hmeg2t9m,hbd44euq,1vp8r4er,gnbpngef,hmw6zj3m,bv9mngl3,bdoavpsb,xv0esvos,4jdn4kw6,2o8u4eny,jkjyh4cs
34,4989atst,q9za0pj2,eujbxdqi,ln8ddyuj,1mpzjgk1,orko04fi,285ud8gh,eu3rry7p,6g34qwer,dwfds3fe,dmh2j6n3,k7bh8bf7,f1e6hs11,gzc72bdy,wmeh2313,smfve2ur,rcdoewwv,xwvtjm6s,txhtw2la,d75cy6dh,gdxvbspx,s19pa1z1,tylkbh4h,k36rymkv,2705en59,svgguadm,hzeit4tu,uwzu5lts,qwngx01h,nmpppztq,3uodkrkp,6fbftzk0,rrf3dbnb,ngm5sgmy,fv001z45,5r0u2mmo,njkh20sv,621qzpqd,itu39mln,m6y8p3zd,z7mujgny,zdv0ilti,sz8ieltb,nzjz0q8b,gd5btv69,n3z5rmw5,we9oekt4,zrbesm5b,rllka0ka,wh9vvgv2
35,oid5bok9,tvmytgda,ft2pbgsl,2cggxoco,rwgv0973,vsl94lhz,eici4eit,p6075gva,k31dagdy,3pqtmhob,bmcku2yb,71njvx7l,f2ysfphi,oe77eupc,czvyk0rk,tprgbl51,sjl8x1jt,ufuin9r4,k1lg8c7q,t22il8to,v3cgj0vd,5i5pa5ld,vzfkstiw,yo29r4uc,7rlpcs64,z4jcvgjy,05zmldvj,t5wl0bih,hn37wkhf,azbatms6,nypu4w9s,9c8ktka5,ef481p8k,ap60vws9,iwn39b5h,oeokiay7,4uvezfqm,pujijsj7,drgay9n0,e941jx5c,1ty7wzlv,obksnezn,8l0mpv3g,14jlk5tv,i5jk0407,oyrhv6j8,44zduv27,vaeyoxv7,r253ygx0,wbhji81g
