1,dhszlrmo,bwiyp73e,x1gces56,2qto9vsb,d6by9p41,zy8qjaai,u65mey2z,3xb4lumz,6u623i0w,jkjyh4cs,hewbl5yu,xpobtz3h,ds5mauer,4dtk1kyh,zdv0ilti,zel9a3u6,dtv7to3l,z14rf85c,misprnq8,z443e8lk,9dwpnvxf,49360l2a,llv3cvdr,5t38x587,8t35z4gl,gs7j6fxo,o4njvi62,2una9767,rcwck1y3,solp6ho1,sdtxi8xw,bo8wiiqy,f03san07,l08ld2cy,ifoe8x28,zhxrlopp,c6yrtwq9,81wv1s33,ajbypz7g,zd7smm8r,ssxq1ns2,1mpzjgk1,0rbgbsj8,vexo81k5,ymhcouo5,k2juhyex,7cb88t8n,5lm5ttai,kw7mon2o,c4xhg567
2,kftchnhz,h5ufxzv9,lv8dvdp7,526elsrf,5g0almil,exqza1kg,rnn8wr50,1llox90t,og0zw56h,dhszlrmo,nzz852lx,d2tx02m4,0x4zrfw3,9tqivs5f,eoykmhv3,br661awf,60509txd,39yvniki,bwiyp73e,x1gces56,b32zmfru,3svnvozz,94xsyvux,nhzamju7,jc1k3fki,r141na6j,cvdne6ks,8ozauxlk,kcvtvki1,delk2zeg,vj3wk150,r9scxa76,xcacty89,s5iavz3u,621qzpqd,3xb4lumz,6u623i0w,jkjyh4cs,59gmu16g,itu39mln,kjwz3ozn,n1nh1fhu,zdv0ilti,nlubwytj,z1h788sc,hxial3gi,mxprt6x6,ktb3s62l,5s3lghj6,54auaa78
3,dhszlrmo,bwiyp73e,x1gces56,6kr2uwlq,oclvbviv,3pvstiz6,jdu4h00e,3xb4lumz,6u623i0w,jkjyh4cs,pe3zfrpf,tkqxb1ql,puxz2f9g,zdv0ilti,cirzyldz,04e6wvov,wh9vvgv2,m4nnncsf,855h0e1k,gq8pusi3,ctikde7d,5t38x587,8t35z4gl,gs7j6fxo,o4njvi62,2una9767,2ct0tyxh,591iufv1,nv1aa116,ety31hy9,xmk8rq9d,2qpcot6p,973h46as,qtj7ai0v,1vehi4w4,ebkwv4zo,jzpwo5un,fc3498d0,86ia5esh,kj3yxhij,ydeeps32,3kod0oah,jc00ulx5,mlvx9kch,ajbypz7g,byp2eqhd,e1k8dhki,qjximt34,hzhj4137,ipoelk4h
4,shv4w74z,ux9a6wrh,sqxmt699,1lj4enzb,7xlt9lsa,fjcj6htg,aieqh4oj,w1la7snn,znkj2zzm,jzrp97y4,j24hphoi,5okgevo2,lo8k2prl,vvwd7om1,4z26igx1,uyx0tt6x,l9cflfe3,58l59lbu,g1ve8zld,dhszlrmo,4ddljc1t,4tufh3qa,mksutjae,gs2wi7hr,na23tv0y,291stg7b,h6z3w9hw,pmtzxo6n,j8txm091,j1wj47ah,wa6isubi,kr3xbnaa,yp4o3crk,q2vmttbr,1od4i3gc,de6rg5kk,7y9lq46c,n8vwqjf2,2okrdfv5,bgb6za79,cgj3vgy3,tv8ynlw3,3tlp38yr,1d95mz2f,qce7g5nc,6q90bayx,3zxvljfz,wdkd7ui0,ustxh9o1,yahf2o7k
5,3xb4lumz,6tsvv3tv,5t38x587,7hqn997j,8t35z4gl,bzvdkxu9,gs7j6fxo,o4njvi62,y3joi01a,9zy7xqig,k05cdqlw,0rbgbsj8,tj4deqfw,u3n60qjw,iuf95x84,3uohifp9,jadzias9,ttwhmtre,31jszjzo,114kasso,9ynljm2r,gzao2fo6,ieobv7q8,lmoekp1m,p1jeiljo,y7o8ovf9,6knskl5l,i72nax2p,jjtsd4n3,mo4luyx6,5j4nt2qs,np4pujk8,9sr5b44k,9uqy94w4,uw3fkjrl,qejmwvst,28lmzw9u,7y2jd6jj,agnmfkoq,yk9u4fvp,3pkncxgb,d950qa2w,ovsdnjtd,laigxsc9,seaa46hz,7x77e4m5,xyq7iq9j,8mtdays7,gl2jh5x9,hr2g5ww6
6,6u623i0w,m92zffz9,n5du3bqt,ibac3d0q,2jbw4spu,hzahejqk,6f8vyziv,1b3pigtl,rhmywn8n,p0rqg7uk,63ddlh20,qdgqif5j,zij2wbzs,m8n2p55z,bgm3bt78,2jwuzfan,hs9cbsq1,mqs502xm,yj9tfemw,99231m4n,1f3r80r5,aimraxlf,bkq5gpg8,dhszlrmo,gloxcpzq,7vhcf929,uz94x4y9,jm8yhngf,5enmq7do,fl9lur4h,uutap3da,i0586vfw,1ebdxkq6,5jeku9j1,hlelt074,k1adcls8,1kxxg0s9,vf3vexi1,arnuoufn,o1alklje,tk1q4wkp,0l4pec0z,4cw34pm9,y7pvj2l1,pzi2r37u,zcktrmyg,6kpgt70s,nk3ay4jr,7rip6wtu,5gnbrnt4
7,ze9fl3se,rko7qdqk,ilxd0ih9,qjma4rsp,vijh6x1l,3g75spkc,u4iri70d,dhszlrmo,cxt9oq0j,5jtzt8um,um70ket2,7d5q0g0s,o1alklje,knc0ruou,nna0s5mf,45aru1q5,zea51el3,m9yv4qkm,qoukiqr7,bsu74y23,j061ywrl,c87bbwmm,bah2ege0,3rhdxzj3,wow470k7,3czpucs4,bwiyp73e,x1gces56,621qzpqd,j59tm40d,fxhkfjl6,j36vajdi,gzou8b9k,8ixb8y3j,tg37se4l,5vt9orsg,gnoqoh3w,u7b8lmz0,nm2bq717,ud411cox,c4cs14ja,fui9all6,oihyz5v7,e58jd3ac,z31g3mr5,do4unt7v,gbyyehbu,pb47bs1t,ej8hcr92,o75jdx2j
8,5gnbrnt4,9in8l1f7,dhszlrmo,6fkvmk6f,2ad1tu4s,7yymjeoz,bwiyp73e,x1gces56,xinfo9xw,83f0ruku,x2ky94b0,c2zikoak,92rz2byz,q14x0i2c,buzj06i6,3xb4lumz,6u623i0w,jkjyh4cs,ph6gm827,bcbqgb2l,zdv0ilti,drqnrwdl,hptjqmrl,fn22wv7w,4fyihdkv,8bzu3jiu,odm1asa9,vc29aif3,dnn54jah,fy3574ke,gkd1h8yi,5t38x587,8t35z4gl,gs7j6fxo,o4njvi62,2una9767,zzkkm496,sphe2ely,7bhfranq,e5q27vpw,12gyrmh2,xodngfj6,1gtnxs42,ajbypz7g,i0586vfw,1mpzjgk1,0rbgbsj8,ynauz0ll,f8yixsds,4oipool1
9,jmzjfwxi,dhszlrmo,p63qlcnx,6mxxh6ha,7bewt5q1,adf5ttfd,w6scpc65,bwiyp73e,x1gces56,jkzxjk54,jtj12571,l0c69uul,qy66ih4m,y9pjgkj1,3xb4lumz,6u623i0w,jkjyh4cs,ca4c6b8a,zdv0ilti,srpg754h,nvilxnzl,4x5tr0k5,5t38x587,8t35z4gl,gs7j6fxo,o4njvi62,2una9767,36d87soa,9xroa775,45wffqpc,i48notp6,22srds0e,ajbypz7g,wu1ygt6w,8obqdbh9,1mpzjgk1,0rbgbsj8,bnzfljry,znm5ibc1,phepjf55,f1e6hs11,fqhpaec1,53l0yw16,5xki1ulf,hrbeh0me,j061ywrl,p7gbj751,75dzc62b,lbtdex4p,zkz8e1vd
10,ls408b2b,xthtmpar,q5xc4m3j,rzh7ja6a,kweh1doo,all7ocnd,k208rpth,f6rx4h3r,xbuypaf6,jtamxl3c,g8lsrojl,jdfsacds,o8uk6if2,le2eifv8,qm2qvcwk,d4dnz2lk,43w659t1,gilpb3oy,vdrd74nz,2jd7aa2d,9a131e0i,lb0fd7ig,xcfk4efo,tnecig63,hb1r2aw7,ts3ra09u,n0nch8he,noyx53ej,y2zcwcic,wphhrg6g,axymuyev,51g3vhcx,apjwnwky,0a49okho,4u7qtoz7,o8k66pes,u4iri70d,cm91jxde,v43yfb3q,9bi6pobg,gl9w3t2i,y1727pi6,1i5arpf8,jb57e0w6,esa5700v,z470rn66,lnv8yi9l,ocwetgv6,6zployed,slnyun4l
11,8789ibcp,dhszlrmo,4pijm4fy,sy4kiirg,vsinwqnr,4bltio08,e52wuc0h,b04lq3b2,bwiyp73e,x1gces56,lz775vn5,qmg3hmro,d9f3tsk6,y27aa1b6,3xb4lumz,6u623i0w,jkjyh4cs,zdv0ilti,v4t6ca0c,5jpvjl46,95sck64d,1c7q9m06,4d6fnjt8,qjr276pv,1ixylnny,fwnjby5p,b1y9yvsv,b1kubfl0,5t38x587,8t35z4gl,gs7j6fxo,o4njvi62,2una9767,9in8l1f7,gktaz1m8,61d7d530,h83aed9u,95fty9yi,4523cwwi,alcq4jf8,xjdn1o8i,ajbypz7g,x4yymqby,hbhtbgzd,juom2bzb,vi51uons,nz02frdm,1mpzjgk1,05vx82oo,0rbgbsj8
12,u1c20tb3,bpu3hpbn,9hrrkqgi,dcx6cv2q,64igat2s,scyndvq8,zrx8l9d7,dhszlrmo,2g6jxi5k,4qrssc82,rr36a3my,ezz0fcbb,r044iimd,8b9hbpzs,q03884i9,e350kj7m,i2acghft,vf88r8la,dr1ym2mb,rr7r7ef0,mia3dytz,6f6t558e,8znpqcth,73yg1bi1,hqi3w2a1,5c579tli,kp7qk49p,7htcicqg,e2p46wa8,obehsz2z,px0twvhs,qznrjflx,bwiyp73e,x1gces56,65n6p550,mbdj3r0m,sfr9twfa,btng72h7,4outpiwu,elnwn7l5,gqw815xx,y0gq9kgk,346lwjr8,m3nqa321,hv7z11al,rv06wb3x,e0wzkhbz,x2bi3v3u,4iwyjk8n,b8a78ym6
13,6u623i0w,zdv0ilti,5gnbrnt4,dhszlrmo,befehafo,s19pa1z1,ztcyvsoi,9tgnx7du,bwiyp73e,x1gces56,49dkucxd,r66eulqj,lm2ixz8n,eylpfrj3,3wbn42j3,od97az43,7d7i3cc8,8g8xpazu,5jk3u9b8,3xb4lumz,jkjyh4cs,ywia2ok7,fj8nhgyl,7x77e4m5,dtv7to3l,ieobv7q8,kgzegwon,z6fd4yua,28lmzw9u,a89300pd,zpqgz95r,royt8bo6,3wdquuzy,50jgbtnr,xxxdjfbc,010vptx3,5t38x587,8t35z4gl,gs7j6fxo,o4njvi62,2una9767,yncda1us,b1y9yvsv,3oz6l9ne,3vv0xjaf,cxy1p3g8,w9hq4kj0,1bvsn9e8,yti2nukb,y49su5uc
14,v5egtgdo,av8ww9fd,d91t5o01,f0ny4ur5,2wc1bxi1,414grqif,cywjp5jh,8m7n5r85,bnh65bqg,oen0ycsr,dqkjofw2,mz5gdb59,xgp2vx6o,8yi1mpri,7kovd82v,5jccb3nh,3ruxk6u2,k4f79dr4,qofpdu1l,vid6m563,dhszlrmo,a95hh4yk,4nd5wzrm,px0twvhs,nu98xedb,pbddwyyi,gmpsniqt,fx9ibkuf,6g1qxz9i,uicvudil,bwiyp73e,x1gces56,82d0s6po,7gd3hjc3,c1a957ef,etnf4i8v,z2q063sa,ixpt6jnr,clrwsgni,3xb4lumz,6u623i0w,jkjyh4cs,bjx5td52,zdv0ilti,5iv0hwca,62w6gmg3,a8us3r6c,wu1ygt6w,ys51rshu,sqxlnk9e
15,901z3uc0,4od8qt36,dhszlrmo,f5ewl2vc,wtmjt3hf,lvjveaob,huesjfq6,bwiyp73e,x1gces56,75u57fw1,1k9r1n9a,xc8hafhc,xkl42ue9,1vehi4w4,3xb4lumz,6u623i0w,jkjyh4cs,zdv0ilti,7jfy66ve,uqgrjjwp,b3u9oz6c,qjb36hkg,r4argyel,frrao2bv,6r5c2x0f,kgzegwon,uo839gvc,5mtmvl7r,5t38x587,8t35z4gl,gs7j6fxo,o4njvi62,2una9767,sr03hr3m,jghzjqb6,69nnyq8p,dkncpt8g,zg17f7bd,j1yqn9xg,t159ctrv,jat60k8t,znuzzpzj,6xlb7bfa,ycrrsr5c,j0ufth5d,gyvvcnuf,axljtddn,ecu579el,u8goc7io,bbg11u3w
16,bbtaxlpn,dhszlrmo,8n2s0bl1,a1c2zppi,fpckqvr5,xrgnt6l5,bwiyp73e,x1gces56,1ktj39cc,8qauo907,aa2h3bqy,80ev0j5a,x1qr2cc2,giqqdzkx,h9gj814e,bs7vh557,k2uydo6j,w375nabi,qfnu319w,qz68gtd4,7mzu8xpr,50jgbtnr,flc25wlz,zxn7psir,4d4l6mzl,3xb4lumz,6u623i0w,jkjyh4cs,khpc9f98,57zdu3o2,zdv0ilti,90qq0xsw,k9xhphpl,6lsvjfqb,2ixbqlb0,3z1jdiwo,uwbpbai7,50gce6f1,e5ihpe4i,twf6g5t3,6yu02snn,6kkqoh7f,q5egb5nz,7h7h1c07,ecu1repo,rppsmirp,itm0bldp,5t38x587,8t35z4gl,gs7j6fxo
17,fk2wc715,5a8yb708,sbryreho,g6rpxady,g7w2vywe,ce8hrh5e,20hk99h4,iwsa760n,3bifzves,fsvacjgk,rpwccvqi,vxqdfiel,dhszlrmo,jtx7ni9b,kptkmgdm,wmpjfc02,1a0fj900,igoz2ei4,o8383rfh,nng1ct8p,gc32tz2x,b518n9dx,zdfx3zo3,d82sj80v,t1wpujpm,yth3t2cf,h3mdrikn,g0iwfpkg,f3lv7o4d,y4yil922,rogv6xtv,mf3ess25,60qw00zc,jlqee1b8,uw7g3y71,vjusr5xn,1q39v843,61fmul8c,j55qog5p,bwiyp73e,x1gces56,0cah15lg,riw5xs3j,lopqt0wr,2t3g8ve8,21b6e7in,3anlc6tg,waisatga,ypefqm71,fj7roabz
18,w2c01295,wzmfmcpt,hq0owf31,z86g8dzs,me04brw1,umvrwgaw,14x4uqq7,9nrucfw1,btj4ckkz,tev33cjh,sqr11fpv,ahhrs3sy,573godis,lwt83ts2,51thatw6,3nl3js2x,mfb2or98,0v51a4f9,28utunid,v3cgj0vd,mnjy6bq2,2ikxxaec,2841vq8w,dhszlrmo,i6hut28h,tq9kjozt,hyn9shju,filgs3k3,ropgq7tr,0l78gpg3,2mjs1p7t,1l89qtfd,zghq7mcg,b7yhjsq4,kftdqzg0,kl9huu33,jggn75sg,z68tl88x,quds09t4,4sitkqkm,tfspedf1,b7n2og71,byuv48wi,r66eulqj,q5egb5nz,iinq30l8,3kzuvyqx,m5udub60,ncot7tvn,bmmdygbs
19,mcmazu1v,c5l2r3kj,gjy7ydqu,zhauwxye,wgsl0wem,08dk0ur6,gt2g1but,jd764wk4,d6v5mkj7,sxsrz60h,dhszlrmo,zgd60laj,zul5kz62,8o1pv9jj,8125y15e,cza4qsv5,skaom5z7,br0oxhc3,bwiyp73e,x1gces56,qlm83r6n,qcwvsxgn,cmaaa5j6,pgsykrqx,g37hlv19,47ema2dq,kpcb2vy4,gtmpd7t0,35jfg45k,a0nbmx3l,vzqrxj2w,4y4596pa,ycrrsr5c,xsh5bwcx,3xb4lumz,6u623i0w,jkjyh4cs,07bl9d00,zdv0ilti,a5ni1s9e,v82oezkq,c3ky854p,z59ae5d6,dm1wkpnv,esjfhztp,5t38x587,8t35z4gl,gs7j6fxo,o4njvi62,2una9767
20,6xlb7bfa,gic43uwz,hui5jaiu,fm01bijc,dkxhbmic,g0dudzi2,y8o6x4b3,9q1mawfs,hynkb0a8,a9sj00y8,ijbrhsl7,7ibc0yvr,zutavvrf,6vcts4w3,3446eyi3,5n7hxhbg,6cxndab8,w6gmscv4,hext9jv8,7tg62meg,35j928mf,a0asoy8j,60wcvkbn,dq2empne,8n4dlkjo,rq94lma3,qhld3bbh,dhszlrmo,gk84fnb9,fqzczofm,onpmkjaz,wup6tig0,59pnm4fn,p5vizh8g,zlzig0nn,op0mnhyh,61xioybu,h11bcb1e,ei2b8oqn,3egv50vb,k2crv9qb,ad6hnj8r,jp2p24r2,x1kankxd,4fdupr3p,0rmuvb5i,mqk0sx5n,2eqrk42b,4p7gboaq,rxmpi61o
21,dhszlrmo,bwiyp73e,x1gces56,cqesmvk9,3xb4lumz,6u623i0w,jkjyh4cs,zdv0ilti,fvkr77sf,0agldesf,j5p5mtiq,5t38x587,8t35z4gl,gs7j6fxo,o4njvi62,2una9767,bl5d4xkc,6gljl7n5,cxy1p3g8,wtmjt3hf,ta1i0ata,b8tvdqp7,ajbypz7g,nnlynjoy,1mpzjgk1,zpaqd5vd,peg0m87x,0rbgbsj8,2mcwhg21,vi51uons,efk2jj50,30fi614e,2r4uty9g,8guapzke,idd8uq9h,f1e6hs11,q8gxbwfj,yhi83hgq,370fqkat,uatnaro4,7unnfmks,4591ewsa,8eh90ber,5xki1ulf,hrbeh0me,jw4e33sz,1x2urcj9,gpql06um,m934yuk0,j061ywrl
22,5qa2z9jj,54vyzxjf,dhszlrmo,q5zabro0,tzuyo6tx,19zh9evl,qzv030tr,eylpfrj3,e6itic6z,wk2jynv1,bwiyp73e,x1gces56,at8ad5mo,6p9btua0,8p311gkk,uh8r2vyz,vq75xdnf,vn9ba1ku,ytwfgs20,x1v4jpl4,t9f080f5,so5zqcph,sdjqth8d,vyc6rstm,j4gxe65h,3xb4lumz,6u623i0w,jkjyh4cs,n7says5m,l2qxddvk,n44h10tr,wzj7ipwz,zdv0ilti,mahp1wkn,m817oudw,hr70o8r6,qg44ymyt,4ep7nf3q,h41vu6vu,pgr07l9b,y7d13028,jyc1e5yh,rjh1ahi6,bf0pcjap,5t38x587,8t35z4gl,gs7j6fxo,o4njvi62,2una9767,zofttbse
23,dhszlrmo,bwkad2s0,az2t6jjx,tz3hqv5g,njkh20sv,mx4t6s6n,puu8wib8,osaycpe8,159p181f,y4h95kb4,bwiyp73e,x1gces56,lujxql3a,mnkwjplb,3rpbltd4,qctii42h,b5fcrapo,5efzormt,2sdqehyw,ljicdm13,xwaycskl,8ek694p3,3p5eoezs,qd3disy2,3xb4lumz,6u623i0w,jkjyh4cs,v662o7a8,zdv0ilti,ps5zac1t,e0skv0bn,ysd1iykp,4t6x32cz,5t38x587,8t35z4gl,gs7j6fxo,o4njvi62,2una9767,60wcvkbn,ajbypz7g,k1zbw41f,duimy7rl,1mpzjgk1,0rbgbsj8,mwttkclk,c95tamvw,llzfc1r7,sdjqth8d,uzexzc5e,i073l1ww
24,118x15od,bs8p50ig,89ovdnxl,b2sse5e5,p5orjg14,dhszlrmo,n52mmprb,jmzz8wxu,3meiks6o,vs32no7a,otqjnh2s,3bj567gr,u4di2tk7,iqrxerqt,6wt6wzxv,njkh20sv,gf8xn7my,bevg0mdx,puu8wib8,07hj0vkb,na2zbx8g,bwiyp73e,x1gces56,v7uwpcb1,d624q452,uxqj5jw1,lmrr4hde,0wfsr4iw,l8bj9twb,76xvzvdg,ag87j2of,skknfc6h,stmo4b0g,zrq3a1oi,b6yfgc8t,jw65zrj6,ljicdm13,3xb4lumz,6u623i0w,jkjyh4cs,da1xab1s,icwhpbpj,gkek4m88,zdv0ilti,9309aig5,5t38x587,8t35z4gl,gs7j6fxo,o4njvi62,2una9767
25,biu5zxd1,dhszlrmo,hyoyjpbd,8cixsjrf,nyyrtget,q0hqbka3,fse9npzf,bwiyp73e,x1gces56,1lnknzwa,3yu2di1g,i6bs536s,le1mc045,jdnue7br,761ymmaf,npf7c436,i3ydg93k,18jiikdq,1qv8l925,3d0tmydv,3xb4lumz,6u623i0w,jkjyh4cs,0n5apnle,zdv0ilti,hyk93ons,nxm1jr0x,4ouhe5en,94pvs340,fp0d03ze,rsf8uvd1,n6jsx47v,1frc4zya,5838vrqx,5t38x587,8t35z4gl,gs7j6fxo,o4njvi62,2una9767,gl8uuqej,mu5a5bh8,giw7ic5q,p6lj7c56,9ij6cned,o32d3kaw,ajbypz7g,h88vpwni,gse1k0wh,1mpzjgk1,0rbgbsj8
26,dhszlrmo,btp9dldg,qjr276pv,imv0sc9y,h83aed9u,qtdl384t,bwiyp73e,x1gces56,3087o3g0,aqsfi30i,1aqtqaod,04zbbyii,teywszlm,zlzuoeh2,e7v4rfje,639isohk,fj8nhgyl,c95lntyp,dwkjwst1,c54ti9zv,jai0xbwr,3xb4lumz,6u623i0w,jkjyh4cs,zdv0ilti,6vmfa6qx,k7q5evtj,0g0datwo,q9za0pj2,hv0cwf6d,90tccg03,jat60k8t,dnv2xl0h,4u3bmb0e,7i1sxa51,6y21p3n6,plxz5mkg,4gaa14ly,vww8ypyz,jxqidbr2,dr1ts4v3,c0eojsvd,0ubbqima,itb9vh8z,mmgv3m84,8a3bpa4k,0yqv2osb,9pz3phtd,srji9h7w,svgguadm
27,nlzdto1h,xwvtjm6s,dhszlrmo,hv0cwf6d,atnz63pk,6qsk6mij,50zrnau8,nadzy6lm,tpltmho1,bmsmegbs,90tccg03,wivzfv6t,fjnhoai4,qwngx01h,pndu87bp,d7m0s10o,ramd5lit,bwiyp73e,x1gces56,6pn9jwfn,7xb7hj9u,tiz12unx,eerqrqwk,wl0wlxh6,1ew0p6x7,xcu80tcp,vde6vm2a,zbzrxuoh,ymsl7snv,e8mj6ecl,6okpsuvu,dqc3qsw0,1tq4z3uw,li8kvzdh,pth2d40p,vxl2flbn,jdy0os21,pvb5c4ih,pxfwe67t,ewhswgbm,3xb4lumz,6u623i0w,jkjyh4cs,xy13bzjm,h1afpc9x,d0fonyex,7lwh917j,wwr777rk,wxvy01cg,zdv0ilti
28,njq5pc58,0lk8eujq,tdlcb9bf,sdij1d90,2hbcbvt6,tkqmu1va,wmpjfc02,ulkty104,fhy2z49t,qe56u93a,fxqseibh,9jnixy2b,gpofwyux,dhszlrmo,zhfrgaxf,5o9bbspc,60qw00zc,2f6nj4to,w1au4pyl,vvexfg1c,fckn8ld4,bwiyp73e,x1gces56,cpq3fyzn,3egv50vb,1q39v843,gkes9a16,4ifdy2eh,ujomta30,01es0zv4,n47jui5f,ikr6eeov,3xb4lumz,6u623i0w,jkjyh4cs,rqeultbq,of8met66,bzt6jsyi,zdv0ilti,0ux66xsj,jk62qn0z,0loi007n,1zawpois,jfnsq525,b0aaozmn,95zrth5d,sm0112e3,jai0xbwr,36amafub,5t38x587
29,r4snyxr9,spqoikin,9jnixy2b,j5nmifhj,4h73lukj,7jhjlxtf,m0q7rm6z,bqemz1eu,ju35nyir,qe56u93a,zult69f2,bbtaxlpn,icyut3xa,r5p5helx,b4mdiont,sbf9qi6g,r88zb7t4,4yuw7jo3,b4u63jgo,vxqdfiel,b36wi464,1b3x7p6u,vnn7lp8w,7cjm2yp0,sywk7014,pu6wni0e,7hoiaze2,rrazeehl,c0r2nbzo,0b77duc8,6rr4bjbr,dhszlrmo,fhmr1og4,1ga7c591,0b0fvnhn,3hgmuyn4,9uyeflgg,6mw8okmt,3rblzyry,bisheysk,e357zmsj,50yohq7p,upcsvjuo,j6ateco7,p5ceve0x,n0dtdfec,3zy5dgxz,ij34t1ae,b0aaozmn,pvfk33i8
30,fxi8ss2s,zdfx3zo3,x50tvq3a,b518n9dx,bpou9p89,p6uliadr,gqqdx2r5,tpp40j0g,7e8zlt3t,uc3slu8q,dhszlrmo,o1ff4hex,bzeqs5oh,nz8qvuw6,xw8o189s,aosmo568,qpa6tk6v,bwiyp73e,x1gces56,01es0zv4,bw9lbzvt,7v7pzclb,2jei05lk,rw7shrbs,46zui1sl,gpr86lxe,juz9jnfk,rl3801n6,pgxew3yk,b0aaozmn,3xb4lumz,6u623i0w,jkjyh4cs,zdv0ilti,t1wpujpm,khxdk8t8,5t38x587,8t35z4gl,gs7j6fxo,o4njvi62,2una9767,rn3bjc9d,l647du3s,vxqdfiel,7fdcu2f0,393k3lq6,ajbypz7g,1mpzjgk1,0rbgbsj8,6dqy7tzc
31,yp4o3crk,0ln9r2nq,1pxacoi4,dhszlrmo,mg2zikyp,bltjbxr0,46qcxs4j,2rhcz41w,jqjtbkda,0ybn2igj,imyvmgdk,k9qiwy1b,h180nsed,ktet18wl,eruilkrq,uqhiyj56,bwiyp73e,x1gces56,c813ttt2,dmtb3icf,m1j6v33y,pqvlh3eg,ugc7ce21,9fngwsh3,zkudc8ww,sgq4zr72,rsifxvtj,dtv7to3l,73mqgofa,ozigndov,d5vigcai,q9t6yv6r,nlzdto1h,7ygcfzii,z0k2ui3y,f526k9q1,vp80nm1b,zw6qf621,si9jhugj,3xb4lumz,6u623i0w,jkjyh4cs,uheb2cvg,l9862er0,zdv0ilti,lkxfflq0,dg53ss0q,085v7n6k,nvyknvc7,8vxqr3mc
32,dhszlrmo,d25dph83,k1wd7ymj,bwiyp73e,x1gces56,auwm2qj0,hsmfd4vd,3lgjo8e8,9sk11214,14gcu1se,bf1eok3s,pfamlz3g,3xb4lumz,6u623i0w,jkjyh4cs,vvo8a4hp,zdv0ilti,newf1dqx,cp6he5mc,2okcuviq,ez731lif,5t38x587,8t35z4gl,gs7j6fxo,o4njvi62,2una9767,bu8vq65n,wci56l0c,kzs8rbmp,t6h7d8me,ajbypz7g,tcz01unx,iblqos71,crdp813c,1mpzjgk1,0rbgbsj8,dgtyacl9,ljayoodm,gchn4j9x,4mt2v3ip,f1e6hs11,u6ewlh16,far3moar,z122v1uz,exf1mh36,5xki1ulf,hrbeh0me,mid2w6yo,34dn7vxf,bujydnde
33,4vkag60z,zpi7uis1,bb5dnbbt,o6rwqnu2,tm8fzbue,4cia91cq,dhszlrmo,w9rqnz9h,30f8kmx7,hmeg2t9m,spkg3hbv,app590vw,sp87qdkr,0t4uxmj2,c7bmrjzi,vevsgkp6,68sbqdi3,81wv1s33,z5q82rmp,65iwx5nv,itrv27tm,0fx1b7ph,0pmsfrcx,ogb83fgc,1lxd2457,tm7krxxw,1ksz6nmx,dkqxfqk6,t0d8wtvp,xv0esvos,qfe780yj,1n69h3i3,ljlo42ry,lmstdmyb,cg7wqc0q,d2j9wpqk,2o8u4eny,kzj263xj,21irqpxj,9a4jw0ze,hbd44euq,d4rq1du1,wniydnsd,4eyn7pjq,4jdn4kw6,ibac3d0q,ikq9t2v7,ivmpbuwf,bv9mngl3,qhsgt1s8
34,dhszlrmo,gd5btv69,orko04fi,eujbxdqi,xbzl4q24,bwiyp73e,x1gces56,0is1vyhy,ldeiqbgi,fkfltedm,i9uhpu34,4989atst,gspip4kh,ln8ddyuj,3xb4lumz,6u623i0w,jkjyh4cs,n28o6qwt,zdv0ilti,b6ajrj1m,kaip0d1i,qeqq3kwb,nmpppztq,ljtzthy8,5t38x587,8t35z4gl,gs7j6fxo,o4njvi62,2una9767,qhvj3cmx,gdxvbspx,tnhu6blz,ma4fcqva,ckay4ufw,6g34qwer,7kwkla73,wh9vvgv2,7ebu0ff7,7cm4533m,9ae26r2z,ajbypz7g,jarnavwl,zzp50j12,1mpzjgk1,0rbgbsj8,qlpvt29o,rrf3dbnb,rqqke40c,mh7mzuoe,q27jszcj
35,dhszlrmo,4j3fdjlg,ztcyvsoi,z0m6uuzf,vsl94lhz,rwgv0973,bwiyp73e,x1gces56,qwngx01h,71njvx7l,oid5bok9,wbhji81g,czvyk0rk,tprgbl51,1e2yqd9n,notsmoi2,st5idleq,o3b2yvbs,nwwhk6p0,n3gamnfv,3pqtmhob,sdk0w6vf,k31dagdy,p6075gva,3xb4lumz,6u623i0w,jkjyh4cs,6uaj8fb7,zdv0ilti,wogw2q0c,5imbomop,hdqa12es,bmcku2yb,5sbflghq,keaxietu,tbgqulpu,zrx8l9d7,c9niqu56,tvmytgda,95sck64d,sjl8x1jt,s5w8rf6t,oyrhv6j8,umqowine,32hjzdum,ltofq3pp,5t38x587,8t35z4gl,gs7j6fxo,o4njvi62
