1,dhszlrmo,2qto9vsb,bwiyp73e,x1gces56,d6by9p41,zy8qjaai,u65mey2z,xpobtz3h,ds5mauer,hewbl5yu,4dtk1kyh,zel9a3u6,z14rf85c,misprnq8,49360l2a,dtv7to3l,3xb4lumz,6u623i0w,jkjyh4cs,9dwpnvxf,z443e8lk,zdv0ilti,f03san07,l08ld2cy,llv3cvdr,sdtxi8xw,rcwck1y3,81wv1s33,bo8wiiqy,solp6ho1,zd7smm8r,c6yrtwq9,zhxrlopp,ymhcouo5,k2juhyex,ifoe8x28,5t38x587,8t35z4gl,gs7j6fxo,o4njvi62,2una9767,ssxq1ns2,kw7mon2o,gy8d8285,tj4pn38j,c4xhg567,7cb88t8n,k9yus2sv,xad3k5aw,vexo81k5
2,kftchnhz,h5ufxzv9,lv8dvdp7,526elsrf,5g0almil,exqza1kg,rnn8wr50,1llox90t,og0zw56h,nzz852lx,0x4zrfw3,d2tx02m4,dhszlrmo,9tqivs5f,eoykmhv3,60509txd,39yvniki,br661awf,b32zmfru,3svnvozz,94xsyvux,nhzamju7,r141na6j,jc1k3fki,bwiyp73e,x1gces56,r9scxa76,xcacty89,kcvtvki1,8ozauxlk,n1nh1fhu,cvdne6ks,delk2zeg,s5iavz3u,mxprt6x6,z1h788sc,59gmu16g,zytu7wue,kjwz3ozn,vj3wk150,itu39mln,nlubwytj,621qzpqd,3xb4lumz,6u623i0w,jkjyh4cs,ktb3s62l,u19e9j2w,54auaa78,3sencqst
3,dhszlrmo,6kr2uwlq,oclvbviv,bwiyp73e,x1gces56,3pvstiz6,jdu4h00e,pe3zfrpf,tkqxb1ql,cirzyldz,04e6wvov,puxz2f9g,wh9vvgv2,m4nnncsf,3xb4lumz,6u623i0w,jkjyh4cs,gq8pusi3,2ct0tyxh,591iufv1,zdv0ilti,nv1aa116,ety31hy9,xmk8rq9d,855h0e1k,973h46as,ctikde7d,qtj7ai0v,2qpcot6p,86ia5esh,kj3yxhij,ebkwv4zo,ydeeps32,3kod0oah,mlvx9kch,byp2eqhd,jzpwo5un,fc3498d0,qjximt34,1vehi4w4,5t38x587,8t35z4gl,gs7j6fxo,o4njvi62,2una9767,e1k8dhki,c218cycl,uscd264p,ldvspikx,hzhj4137
4,shv4w74z,ux9a6wrh,1lj4enzb,sqxmt699,7xlt9lsa,aieqh4oj,w1la7snn,fjcj6htg,znkj2zzm,jzrp97y4,j24hphoi,5okgevo2,lo8k2prl,vvwd7om1,4z26igx1,uyx0tt6x,l9cflfe3,58l59lbu,g1ve8zld,4tufh3qa,4ddljc1t,mksutjae,na23tv0y,291stg7b,h6z3w9hw,j8txm091,pmtzxo6n,gs2wi7hr,j1wj47ah,wa6isubi,kr3xbnaa,q2vmttbr,1od4i3gc,yp4o3crk,de6rg5kk,7y9lq46c,n8vwqjf2,dhszlrmo,cgj3vgy3,2okrdfv5,tv8ynlw3,bgb6za79,3tlp38yr,1d95mz2f,qce7g5nc,3zxvljfz,wdkd7ui0,ustxh9o1,yahf2o7k,ihkqauve
5,3xb4lumz,6tsvv3tv,5t38x587,7hqn997j,8t35z4gl,bzvdkxu9,gs7j6fxo,o4njvi62,y3joi01a,9zy7xqig,k05cdqlw,0rbgbsj8,tj4deqfw,u3n60qjw,iuf95x84,3uohifp9,jadzias9,ttwhmtre,31jszjzo,114kasso,9ynljm2r,gzao2fo6,ieobv7q8,lmoekp1m,p1jeiljo,y7o8ovf9,mo4luyx6,5j4nt2qs,6knskl5l,i72nax2p,np4pujk8,jjtsd4n3,seaa46hz,9sr5b44k,9uqy94w4,28lmzw9u,7y2jd6jj,agnmfkoq,yk9u4fvp,d950qa2w,uw3fkjrl,laigxsc9,7x77e4m5,3pkncxgb,ovsdnjtd,qejmwvst,vobslprh,zbpvqsqb,xyq7iq9j,8mtdays7
6,6u623i0w,m92zffz9,n5du3bqt,ibac3d0q,2jbw4spu,6f8vyziv,hzahejqk,rhmywn8n,1b3pigtl,p0rqg7uk,63ddlh20,qdgqif5j,zij2wbzs,m8n2p55z,bgm3bt78,2jwuzfan,hs9cbsq1,mqs502xm,yj9tfemw,99231m4n,bkq5gpg8,aimraxlf,1f3r80r5,7vhcf929,gloxcpzq,uz94x4y9,fl9lur4h,jm8yhngf,5jeku9j1,uutap3da,5enmq7do,k1adcls8,1ebdxkq6,hlelt074,i0586vfw,vf3vexi1,0l4pec0z,4cw34pm9,arnuoufn,tk1q4wkp,1kxxg0s9,zcktrmyg,6kpgt70s,y7pvj2l1,pzi2r37u,wsinsafy,7rip6wtu,dhszlrmo,bqbj660w,dfjh7qyh
7,ze9fl3se,rko7qdqk,ilxd0ih9,qjma4rsp,vijh6x1l,u4iri70d,3g75spkc,cxt9oq0j,5jtzt8um,um70ket2,knc0ruou,7d5q0g0s,dhszlrmo,zea51el3,45aru1q5,nna0s5mf,o1alklje,bah2ege0,m9yv4qkm,bsu74y23,qoukiqr7,c87bbwmm,wow470k7,3czpucs4,3rhdxzj3,j061ywrl,j59tm40d,8ixb8y3j,gzou8b9k,621qzpqd,tg37se4l,fxhkfjl6,5vt9orsg,u7b8lmz0,j36vajdi,ud411cox,gnoqoh3w,c4cs14ja,nm2bq717,bwiyp73e,x1gces56,e58jd3ac,oihyz5v7,z31g3mr5,fui9all6,sd2uvd3u,ej8hcr92,o75jdx2j,ptqmuulz,0kxo3a4q
8,5gnbrnt4,9in8l1f7,6fkvmk6f,dhszlrmo,2ad1tu4s,7yymjeoz,xinfo9xw,83f0ruku,x2ky94b0,bwiyp73e,x1gces56,c2zikoak,q14x0i2c,buzj06i6,92rz2byz,bcbqgb2l,hptjqmrl,ph6gm827,fn22wv7w,4fyihdkv,8bzu3jiu,drqnrwdl,odm1asa9,vc29aif3,dnn54jah,fy3574ke,gkd1h8yi,3xb4lumz,6u623i0w,jkjyh4cs,zzkkm496,sphe2ely,7bhfranq,zdv0ilti,e5q27vpw,xodngfj6,1gtnxs42,12gyrmh2,i0586vfw,ynauz0ll,4oipool1,5t38x587,8t35z4gl,gs7j6fxo,o4njvi62,2una9767,85l99l13,f8yixsds,eawmuuye,1bj49pjv
9,jmzjfwxi,p63qlcnx,6mxxh6ha,7bewt5q1,dhszlrmo,adf5ttfd,w6scpc65,jtj12571,jkzxjk54,l0c69uul,qy66ih4m,y9pjgkj1,bwiyp73e,x1gces56,ca4c6b8a,srpg754h,4x5tr0k5,3xb4lumz,6u623i0w,jkjyh4cs,9xroa775,nvilxnzl,zdv0ilti,45wffqpc,i48notp6,36d87soa,22srds0e,wu1ygt6w,5t38x587,8t35z4gl,gs7j6fxo,o4njvi62,2una9767,8obqdbh9,phepjf55,bnzfljry,fqhpaec1,znm5ibc1,ajbypz7g,53l0yw16,1mpzjgk1,0rbgbsj8,p7gbj751,75dzc62b,lbtdex4p,dm3mdqhl,f1e6hs11,y7xbyhly,9g3a0zas,5xki1ulf
10,ls408b2b,xthtmpar,q5xc4m3j,rzh7ja6a,kweh1doo,all7ocnd,k208rpth,f6rx4h3r,xbuypaf6,jtamxl3c,g8lsrojl,le2eifv8,o8uk6if2,jdfsacds,qm2qvcwk,gilpb3oy,vdrd74nz,d4dnz2lk,43w659t1,2jd7aa2d,9a131e0i,xcfk4efo,lb0fd7ig,tnecig63,hb1r2aw7,ts3ra09u,noyx53ej,n0nch8he,wphhrg6g,y2zcwcic,51g3vhcx,axymuyev,0a49okho,apjwnwky,o8k66pes,4u7qtoz7,u4iri70d,cm91jxde,gl9w3t2i,9bi6pobg,v43yfb3q,y1727pi6,1i5arpf8,jb57e0w6,esa5700v,z470rn66,ocwetgv6,lnv8yi9l,6zployed,l6guql8q
11,8789ibcp,4pijm4fy,vsinwqnr,dhszlrmo,sy4kiirg,4bltio08,e52wuc0h,b04lq3b2,lz775vn5,bwiyp73e,x1gces56,qmg3hmro,d9f3tsk6,y27aa1b6,5jpvjl46,v4t6ca0c,95sck64d,1c7q9m06,3xb4lumz,6u623i0w,jkjyh4cs,4d6fnjt8,zdv0ilti,fwnjby5p,b1kubfl0,1ixylnny,9in8l1f7,qjr276pv,95fty9yi,4523cwwi,b1y9yvsv,x4yymqby,gktaz1m8,61d7d530,alcq4jf8,h83aed9u,hbhtbgzd,5t38x587,8t35z4gl,gs7j6fxo,o4njvi62,2una9767,xjdn1o8i,nz02frdm,i8w88cb0,9baof9z8,juom2bzb,meonr7j6,8a49f9hl,ngvfz9dn
12,u1c20tb3,bpu3hpbn,9hrrkqgi,dcx6cv2q,64igat2s,scyndvq8,2g6jxi5k,zrx8l9d7,rr36a3my,4qrssc82,ezz0fcbb,r044iimd,8b9hbpzs,q03884i9,e350kj7m,i2acghft,vf88r8la,dhszlrmo,dr1ym2mb,mia3dytz,6f6t558e,rr7r7ef0,8znpqcth,73yg1bi1,hqi3w2a1,5c579tli,kp7qk49p,7htcicqg,obehsz2z,px0twvhs,qznrjflx,e2p46wa8,65n6p550,sfr9twfa,mbdj3r0m,4outpiwu,elnwn7l5,btng72h7,gqw815xx,m3nqa321,hv7z11al,y0gq9kgk,rv06wb3x,346lwjr8,e0wzkhbz,bwiyp73e,x1gces56,4iwyjk8n,x2bi3v3u,b8a78ym6
13,6u623i0w,zdv0ilti,5gnbrnt4,dhszlrmo,befehafo,s19pa1z1,ztcyvsoi,9tgnx7du,bwiyp73e,x1gces56,49dkucxd,r66eulqj,lm2ixz8n,3wbn42j3,eylpfrj3,od97az43,7d7i3cc8,8g8xpazu,ieobv7q8,5jk3u9b8,ywia2ok7,fj8nhgyl,7x77e4m5,dtv7to3l,kgzegwon,3xb4lumz,jkjyh4cs,28lmzw9u,a89300pd,z6fd4yua,zpqgz95r,yncda1us,royt8bo6,3wdquuzy,50jgbtnr,3vv0xjaf,xxxdjfbc,010vptx3,b1y9yvsv,3oz6l9ne,w9hq4kj0,1bvsn9e8,cxy1p3g8,5t38x587,8t35z4gl,gs7j6fxo,o4njvi62,2una9767,igxdatq1,y49su5uc
14,v5egtgdo,av8ww9fd,d91t5o01,f0ny4ur5,2wc1bxi1,414grqif,cywjp5jh,8m7n5r85,bnh65bqg,oen0ycsr,dqkjofw2,mz5gdb59,xgp2vx6o,8yi1mpri,7kovd82v,5jccb3nh,3ruxk6u2,k4f79dr4,qofpdu1l,vid6m563,a95hh4yk,px0twvhs,4nd5wzrm,nu98xedb,dhszlrmo,pbddwyyi,gmpsniqt,fx9ibkuf,6g1qxz9i,uicvudil,7gd3hjc3,c1a957ef,82d0s6po,etnf4i8v,z2q063sa,ixpt6jnr,bwiyp73e,x1gces56,clrwsgni,bjx5td52,5iv0hwca,62w6gmg3,a8us3r6c,wu1ygt6w,ys51rshu,6p592gwa,sqxlnk9e,69xjc5yq,3xb4lumz,6u623i0w
15,4od8qt36,901z3uc0,dhszlrmo,f5ewl2vc,huesjfq6,lvjveaob,wtmjt3hf,75u57fw1,1k9r1n9a,xc8hafhc,bwiyp73e,x1gces56,xkl42ue9,1vehi4w4,qjb36hkg,7jfy66ve,b3u9oz6c,uqgrjjwp,6r5c2x0f,frrao2bv,r4argyel,3xb4lumz,6u623i0w,jkjyh4cs,5mtmvl7r,uo839gvc,kgzegwon,jghzjqb6,69nnyq8p,zdv0ilti,dkncpt8g,6xlb7bfa,sr03hr3m,znuzzpzj,j0ufth5d,zg17f7bd,j1yqn9xg,jat60k8t,bbg11u3w,atsuh8e2,wdtqtje0,ecu579el,axljtddn,t159ctrv,u8goc7io,4zjan04q,j5k6hwyd,k14j47h2,ycrrsr5c,jxj10857
16,bbtaxlpn,dhszlrmo,8n2s0bl1,a1c2zppi,fpckqvr5,xrgnt6l5,aa2h3bqy,x1qr2cc2,1ktj39cc,giqqdzkx,8qauo907,k2uydo6j,h9gj814e,80ev0j5a,w375nabi,bwiyp73e,x1gces56,qz68gtd4,7mzu8xpr,qfnu319w,zxn7psir,bs7vh557,flc25wlz,50jgbtnr,4d4l6mzl,khpc9f98,6lsvjfqb,90qq0xsw,uwbpbai7,57zdu3o2,2ixbqlb0,e5ihpe4i,6kkqoh7f,k9xhphpl,3z1jdiwo,twf6g5t3,6yu02snn,3xb4lumz,6u623i0w,jkjyh4cs,50gce6f1,rppsmirp,ecu1repo,7h7h1c07,zdv0ilti,5gayhkxx,thobsldp,itm0bldp,q5egb5nz,80ftam6h
17,fk2wc715,5a8yb708,sbryreho,g6rpxady,g7w2vywe,20hk99h4,fsvacjgk,ce8hrh5e,3bifzves,iwsa760n,rpwccvqi,vxqdfiel,kptkmgdm,jtx7ni9b,nng1ct8p,wmpjfc02,o8383rfh,gc32tz2x,igoz2ei4,1a0fj900,dhszlrmo,d82sj80v,b518n9dx,t1wpujpm,zdfx3zo3,g0iwfpkg,yth3t2cf,h3mdrikn,f3lv7o4d,y4yil922,uw7g3y71,mf3ess25,0cah15lg,60qw00zc,1q39v843,jlqee1b8,vjusr5xn,j55qog5p,rogv6xtv,riw5xs3j,61fmul8c,waisatga,lopqt0wr,21b6e7in,3anlc6tg,md293k0m,2t3g8ve8,ypefqm71,bwiyp73e,x1gces56
18,w2c01295,wzmfmcpt,hq0owf31,z86g8dzs,me04brw1,umvrwgaw,14x4uqq7,9nrucfw1,btj4ckkz,tev33cjh,sqr11fpv,ahhrs3sy,573godis,lwt83ts2,51thatw6,3nl3js2x,mfb2or98,0v51a4f9,28utunid,mnjy6bq2,2ikxxaec,v3cgj0vd,2841vq8w,i6hut28h,tq9kjozt,hyn9shju,filgs3k3,ropgq7tr,0l78gpg3,1l89qtfd,2mjs1p7t,zghq7mcg,b7yhjsq4,kftdqzg0,kl9huu33,jggn75sg,dhszlrmo,quds09t4,4sitkqkm,tfspedf1,b7n2og71,byuv48wi,3kzuvyqx,m5udub60,z68tl88x,ncot7tvn,bmmdygbs,r66eulqj,q5egb5nz,iinq30l8
19,mcmazu1v,c5l2r3kj,gjy7ydqu,zhauwxye,wgsl0wem,08dk0ur6,gt2g1but,jd764wk4,d6v5mkj7,sxsrz60h,zgd60laj,zul5kz62,8o1pv9jj,8125y15e,dhszlrmo,skaom5z7,br0oxhc3,cza4qsv5,qlm83r6n,cmaaa5j6,pgsykrqx,g37hlv19,qcwvsxgn,47ema2dq,kpcb2vy4,35jfg45k,a0nbmx3l,bwiyp73e,x1gces56,gtmpd7t0,vzqrxj2w,4y4596pa,xsh5bwcx,07bl9d00,a5ni1s9e,ycrrsr5c,v82oezkq,c3ky854p,z59ae5d6,esjfhztp,dm1wkpnv,3xb4lumz,6u623i0w,jkjyh4cs,uofygmeu,s949v118,zdv0ilti,i03fyaz8,31srtult,gsgntf4c
20,6xlb7bfa,gic43uwz,hui5jaiu,fm01bijc,dkxhbmic,g0dudzi2,y8o6x4b3,9q1mawfs,hynkb0a8,a9sj00y8,ijbrhsl7,7ibc0yvr,zutavvrf,6vcts4w3,3446eyi3,5n7hxhbg,6cxndab8,w6gmscv4,hext9jv8,7tg62meg,a0asoy8j,60wcvkbn,35j928mf,rq94lma3,dq2empne,8n4dlkjo,qhld3bbh,gk84fnb9,fqzczofm,onpmkjaz,wup6tig0,59pnm4fn,p5vizh8g,zlzig0nn,op0mnhyh,61xioybu,h11bcb1e,k2crv9qb,ad6hnj8r,ei2b8oqn,jp2p24r2,dhszlrmo,4fdupr3p,x1kankxd,0rmuvb5i,mqk0sx5n,3egv50vb,rxmpi61o,4p7gboaq,2eqrk42b
21,dhszlrmo,cqesmvk9,bwiyp73e,x1gces56,fvkr77sf,j5p5mtiq,3xb4lumz,6u623i0w,jkjyh4cs,0agldesf,zdv0ilti,bl5d4xkc,6gljl7n5,ta1i0ata,cxy1p3g8,5t38x587,8t35z4gl,gs7j6fxo,o4njvi62,2una9767,nnlynjoy,b8tvdqp7,wtmjt3hf,peg0m87x,zpaqd5vd,2mcwhg21,vi51uons,2r4uty9g,8guapzke,efk2jj50,yhi83hgq,ajbypz7g,30fi614e,q8gxbwfj,1mpzjgk1,8eh90ber,0rbgbsj8,uatnaro4,jw4e33sz,7unnfmks,idd8uq9h,1x2urcj9,370fqkat,m934yuk0,4591ewsa,z7pfmkvy,kpkindb8,gpql06um,f1e6hs11,0mncitnr
22,5qa2z9jj,54vyzxjf,tzuyo6tx,q5zabro0,19zh9evl,qzv030tr,dhszlrmo,e6itic6z,eylpfrj3,wk2jynv1,at8ad5mo,6p9btua0,8p311gkk,vn9ba1ku,vq75xdnf,bwiyp73e,x1gces56,x1v4jpl4,so5zqcph,uh8r2vyz,sdjqth8d,vyc6rstm,t9f080f5,j4gxe65h,ytwfgs20,l2qxddvk,n7says5m,n44h10tr,wzj7ipwz,m817oudw,mahp1wkn,4ep7nf3q,qg44ymyt,hr70o8r6,h41vu6vu,pgr07l9b,rjh1ahi6,bf0pcjap,3xb4lumz,6u623i0w,jkjyh4cs,jyc1e5yh,zofttbse,uxkjw749,mxv2w8eg,mansl45k,zdv0ilti,y7d13028,6le23mn1,qk37euo4
23,az2t6jjx,bwkad2s0,tz3hqv5g,dhszlrmo,mx4t6s6n,njkh20sv,puu8wib8,osaycpe8,159p181f,y4h95kb4,lujxql3a,mnkwjplb,3rpbltd4,qctii42h,b5fcrapo,5efzormt,ljicdm13,bwiyp73e,x1gces56,2sdqehyw,3p5eoezs,xwaycskl,qd3disy2,8ek694p3,v662o7a8,ps5zac1t,e0skv0bn,ysd1iykp,4t6x32cz,3xb4lumz,6u623i0w,jkjyh4cs,zdv0ilti,60wcvkbn,k1zbw41f,duimy7rl,mwttkclk,c95tamvw,5t38x587,8t35z4gl,gs7j6fxo,o4njvi62,2una9767,sdjqth8d,7kw9lws0,llzfc1r7,09glfcww,uzexzc5e,i073l1ww,qk37euo4
24,118x15od,bs8p50ig,89ovdnxl,b2sse5e5,p5orjg14,n52mmprb,3meiks6o,jmzz8wxu,vs32no7a,otqjnh2s,3bj567gr,u4di2tk7,iqrxerqt,dhszlrmo,6wt6wzxv,njkh20sv,gf8xn7my,bevg0mdx,07hj0vkb,na2zbx8g,puu8wib8,v7uwpcb1,d624q452,0wfsr4iw,lmrr4hde,uxqj5jw1,l8bj9twb,76xvzvdg,ag87j2of,skknfc6h,stmo4b0g,bwiyp73e,x1gces56,zrq3a1oi,jw65zrj6,ljicdm13,da1xab1s,b6yfgc8t,icwhpbpj,gkek4m88,3xb4lumz,6u623i0w,jkjyh4cs,9309aig5,o99mtt0v,dzcjrsp6,zdv0ilti,z18zoht3,642pa6sl,5ttmy2nj
25,biu5zxd1,hyoyjpbd,8cixsjrf,dhszlrmo,q0hqbka3,nyyrtget,fse9npzf,1lnknzwa,3yu2di1g,i6bs536s,le1mc045,jdnue7br,761ymmaf,npf7c436,i3ydg93k,bwiyp73e,x1gces56,18jiikdq,1qv8l925,3d0tmydv,0n5apnle,4ouhe5en,94pvs340,fp0d03ze,hyk93ons,rsf8uvd1,nxm1jr0x,n6jsx47v,5838vrqx,3xb4lumz,6u623i0w,jkjyh4cs,gl8uuqej,1frc4zya,zdv0ilti,mu5a5bh8,giw7ic5q,p6lj7c56,9ij6cned,o32d3kaw,h88vpwni,gse1k0wh,on33byyr,5ajrvg8f,9f3t46bt,5t38x587,8t35z4gl,gs7j6fxo,o4njvi62,2una9767
26,dhszlrmo,btp9dldg,imv0sc9y,qjr276pv,qtdl384t,h83aed9u,aqsfi30i,3087o3g0,04zbbyii,1aqtqaod,bwiyp73e,x1gces56,teywszlm,e7v4rfje,639isohk,zlzuoeh2,c95lntyp,fj8nhgyl,c54ti9zv,dwkjwst1,jai0xbwr,k7q5evtj,0g0datwo,6vmfa6qx,q9za0pj2,7i1sxa51,4gaa14ly,dnv2xl0h,6y21p3n6,hv0cwf6d,jat60k8t,jxqidbr2,c0eojsvd,0ubbqima,3xb4lumz,6u623i0w,jkjyh4cs,90tccg03,vww8ypyz,plxz5mkg,0yqv2osb,mmgv3m84,dr1ts4v3,4u3bmb0e,zdv0ilti,8a3bpa4k,srji9h7w,itb9vh8z,9pz3phtd,ad5avzd6
27,nlzdto1h,xwvtjm6s,hv0cwf6d,atnz63pk,50zrnau8,nadzy6lm,6qsk6mij,tpltmho1,dhszlrmo,bmsmegbs,wivzfv6t,fjnhoai4,pndu87bp,d7m0s10o,90tccg03,ramd5lit,6pn9jwfn,tiz12unx,qwngx01h,eerqrqwk,xcu80tcp,7xb7hj9u,zbzrxuoh,ymsl7snv,wl0wlxh6,1ew0p6x7,vde6vm2a,6okpsuvu,e8mj6ecl,li8kvzdh,dqc3qsw0,1tq4z3uw,vxl2flbn,bwiyp73e,x1gces56,ewhswgbm,pth2d40p,jdy0os21,pvb5c4ih,pxfwe67t,h1afpc9x,wwr777rk,xy13bzjm,8pzloncr,7lwh917j,ujh2nmh5,e0wzkhbz,uofy7jyx,d0fonyex,iff8cuum
28,njq5pc58,0lk8eujq,tdlcb9bf,2hbcbvt6,sdij1d90,ulkty104,fhy2z49t,tkqmu1va,wmpjfc02,qe56u93a,gpofwyux,fxqseibh,9jnixy2b,zhfrgaxf,5o9bbspc,60qw00zc,2f6nj4to,dhszlrmo,w1au4pyl,vvexfg1c,fckn8ld4,cpq3fyzn,gkes9a16,3egv50vb,4ifdy2eh,1q39v843,ujomta30,bwiyp73e,x1gces56,01es0zv4,n47jui5f,ikr6eeov,rqeultbq,of8met66,0ux66xsj,0loi007n,1zawpois,jfnsq525,bzt6jsyi,95zrth5d,jk62qn0z,sm0112e3,b0aaozmn,3xb4lumz,6u623i0w,jkjyh4cs,36amafub,jai0xbwr,zdv0ilti,pws42iay
29,r4snyxr9,spqoikin,9jnixy2b,j5nmifhj,4h73lukj,7jhjlxtf,bqemz1eu,m0q7rm6z,ju35nyir,zult69f2,qe56u93a,icyut3xa,bbtaxlpn,r5p5helx,sbf9qi6g,b4mdiont,r88zb7t4,4yuw7jo3,b4u63jgo,b36wi464,1b3x7p6u,vxqdfiel,vnn7lp8w,7cjm2yp0,sywk7014,pu6wni0e,7hoiaze2,rrazeehl,6rr4bjbr,c0r2nbzo,0b77duc8,1ga7c591,3hgmuyn4,fhmr1og4,0b0fvnhn,9uyeflgg,e357zmsj,3rblzyry,6mw8okmt,bisheysk,50yohq7p,dhszlrmo,upcsvjuo,j6ateco7,n0dtdfec,p5ceve0x,ij34t1ae,75zgljet,pvfk33i8,b0aaozmn
30,fxi8ss2s,zdfx3zo3,x50tvq3a,b518n9dx,bpou9p89,p6uliadr,gqqdx2r5,tpp40j0g,uc3slu8q,7e8zlt3t,o1ff4hex,bzeqs5oh,nz8qvuw6,dhszlrmo,xw8o189s,aosmo568,qpa6tk6v,bw9lbzvt,01es0zv4,7v7pzclb,2jei05lk,rw7shrbs,bwiyp73e,x1gces56,gpr86lxe,rl3801n6,pgxew3yk,46zui1sl,juz9jnfk,b0aaozmn,t1wpujpm,khxdk8t8,3xb4lumz,6u623i0w,jkjyh4cs,rn3bjc9d,l647du3s,zdv0ilti,vxqdfiel,7fdcu2f0,393k3lq6,yzrni12u,5t38x587,8t35z4gl,gs7j6fxo,o4njvi62,2una9767,6dqy7tzc,rw37biop,glfxrla9
31,yp4o3crk,0ln9r2nq,1pxacoi4,mg2zikyp,bltjbxr0,jqjtbkda,2rhcz41w,46qcxs4j,0ybn2igj,imyvmgdk,dhszlrmo,k9qiwy1b,h180nsed,ktet18wl,eruilkrq,uqhiyj56,c813ttt2,dmtb3icf,m1j6v33y,pqvlh3eg,zkudc8ww,ugc7ce21,sgq4zr72,rsifxvtj,73mqgofa,ozigndov,d5vigcai,7ygcfzii,z0k2ui3y,f526k9q1,vp80nm1b,9fngwsh3,q9t6yv6r,zw6qf621,si9jhugj,bwiyp73e,x1gces56,dtv7to3l,uheb2cvg,l9862er0,nlzdto1h,lkxfflq0,dg53ss0q,085v7n6k,nvyknvc7,0oqcx0az,8vxqr3mc,ziujiigl,ondu11s5,qko8md3w
32,d25dph83,dhszlrmo,k1wd7ymj,auwm2qj0,hsmfd4vd,3lgjo8e8,14gcu1se,bwiyp73e,x1gces56,9sk11214,bf1eok3s,pfamlz3g,vvo8a4hp,newf1dqx,cp6he5mc,3xb4lumz,6u623i0w,jkjyh4cs,2okcuviq,ez731lif,bu8vq65n,zdv0ilti,wci56l0c,t6h7d8me,kzs8rbmp,tcz01unx,iblqos71,crdp813c,dgtyacl9,ljayoodm,gchn4j9x,5t38x587,8t35z4gl,gs7j6fxo,o4njvi62,2una9767,4mt2v3ip,far3moar,exf1mh36,mid2w6yo,34dn7vxf,ajbypz7g,bujydnde,u6ewlh16,7e8shify,z122v1uz,1mpzjgk1,0rbgbsj8,kamvao4b,1lfo7j9i
33,4vkag60z,zpi7uis1,bb5dnbbt,o6rwqnu2,tm8fzbue,4cia91cq,30f8kmx7,w9rqnz9h,spkg3hbv,app590vw,0t4uxmj2,sp87qdkr,hmeg2t9m,c7bmrjzi,81wv1s33,vevsgkp6,z5q82rmp,dhszlrmo,68sbqdi3,0fx1b7ph,65iwx5nv,0pmsfrcx,1lxd2457,tm7krxxw,itrv27tm,ogb83fgc,xv0esvos,dkqxfqk6,1ksz6nmx,t0d8wtvp,1n69h3i3,lmstdmyb,ljlo42ry,qfe780yj,cg7wqc0q,21irqpxj,d2j9wpqk,kzj263xj,hbd44euq,9a4jw0ze,4eyn7pjq,2o8u4eny,d4rq1du1,ikq9t2v7,4jdn4kw6,qhsgt1s8,bv9mngl3,bytd4ueh,4vl0cvyq,ivmpbuwf
34,gd5btv69,orko04fi,dhszlrmo,eujbxdqi,xbzl4q24,ldeiqbgi,0is1vyhy,fkfltedm,bwiyp73e,x1gces56,i9uhpu34,gspip4kh,n28o6qwt,4989atst,ln8ddyuj,b6ajrj1m,kaip0d1i,qeqq3kwb,nmpppztq,3xb4lumz,6u623i0w,jkjyh4cs,ljtzthy8,qhvj3cmx,tnhu6blz,zdv0ilti,gdxvbspx,ma4fcqva,6g34qwer,7ebu0ff7,7cm4533m,ckay4ufw,9ae26r2z,jarnavwl,zzp50j12,7kwkla73,wh9vvgv2,5t38x587,8t35z4gl,gs7j6fxo,o4njvi62,2una9767,rrf3dbnb,rqqke40c,qlpvt29o,mh7mzuoe,q27jszcj,tylkbh4h,2ukr15se,5xu9hj2n
35,4j3fdjlg,dhszlrmo,vsl94lhz,ztcyvsoi,rwgv0973,z0m6uuzf,71njvx7l,oid5bok9,wbhji81g,czvyk0rk,tprgbl51,1e2yqd9n,qwngx01h,bwiyp73e,x1gces56,3pqtmhob,st5idleq,o3b2yvbs,p6075gva,sdk0w6vf,k31dagdy,notsmoi2,nwwhk6p0,n3gamnfv,6uaj8fb7,bmcku2yb,5sbflghq,tbgqulpu,wogw2q0c,5imbomop,hdqa12es,sjl8x1jt,keaxietu,oyrhv6j8,tvmytgda,c9niqu56,3xb4lumz,6u623i0w,jkjyh4cs,ds0cf78u,zrx8l9d7,s5w8rf6t,zdv0ilti,95sck64d,shauvo3j,32hjzdum,j7lflryj,ltofq3pp,5ra3lgvw,s17vz7vf
